signal_id,variant_id,exit_family,stop_buffer_atr,symbol,direction,breakout_date,lookback_sessions,population,source_split,status,entry_date,entry_price,stop_price,target_1_price,target_2_price,target_1_date,target_1_quantity,exit_date,exit_price,exit_reason,bars_held,gross_pnl,net_pnl,net_return,net_r,event_net_r,mfe,mae,analysis_period
signal:f9a9c34fd40f14a8dec9,rectangle_height_lfd_buffer_0p00atr,rectangle_height,0.0,IEF,short,2021-09-23,20,baseline_20_40_60,calibration,closed,2021-09-24,115.84205000000001,117.22,,115.315,,0.0,2021-09-28,115.37265749999999,gap_objective_capped,3,0.4693925000000263,0.4462240900000263,0.003852004431896934,0.3238318444065687,0.3238318444065687,0.4720500000000101,0.06794999999998197,optimization
signal:f9a9c34fd40f14a8dec9,range_expansion_lfd_buffer_0p00atr,daily_range_expansion_analogue,0.0,IEF,short,2021-09-23,20,baseline_20_40_60,calibration,closed,2021-09-24,115.84205000000001,117.22,114.46410000000003,113.08615000000005,2021-10-08,0.4,2021-10-21,114.04463382,trade_horizon,20,1.7974161800000132,1.7742477700000132,0.015316094371603516,1.2875995282847952,1.2875995282847952,2.212050000000019,0.06794999999998197,optimization
signal:f9a9c34fd40f14a8dec9,rectangle_height_lfd_buffer_0p10atr,rectangle_height,0.1,IEF,short,2021-09-23,20,baseline_20_40_60,calibration,closed,2021-09-24,115.84205000000001,117.263,,115.315,,0.0,2021-09-28,115.37265749999999,gap_objective_capped,3,0.4693925000000263,0.4462240900000263,0.003852004431896934,0.31403222491996846,0.31403222491996846,0.4720500000000101,0.06794999999998197,optimization
signal:f9a9c34fd40f14a8dec9,range_expansion_lfd_buffer_0p10atr,daily_range_expansion_analogue,0.1,IEF,short,2021-09-23,20,baseline_20_40_60,calibration,closed,2021-09-24,115.84205000000001,117.263,114.42110000000002,113.00015000000003,2021-10-08,0.4,2021-10-21,114.02742522,trade_horizon,20,1.8146247800000168,1.7914563700000168,0.015464646646015127,1.260745536436911,1.260745536436911,2.212050000000019,0.06794999999998197,optimization
signal:72c497153c634b0866e5,rectangle_height_lfd_buffer_0p00atr,rectangle_height,0.0,GS,long,2021-11-02,60,baseline_20_40_60,calibration,closed,2021-11-03,423.33155999999997,413.25,,466.96000000000004,,0.0,2021-11-03,413.043375,stop,1,-10.288184999999942,-10.372851311999941,-0.024502901016876563,-1.0288934760096626,-1.0288934760096626,0.6684400000000323,10.771559999999965,optimization
signal:72c497153c634b0866e5,range_expansion_lfd_buffer_0p00atr,daily_range_expansion_analogue,0.0,GS,long,2021-11-02,60,baseline_20_40_60,calibration,closed,2021-11-03,423.33155999999997,413.25,433.41311999999994,443.4946799999999,,0.4,2021-11-03,413.043375,stop,1,-10.288184999999942,-10.372851311999941,-0.024502901016876563,-1.0288934760096626,-1.0288934760096626,0.6684400000000323,10.771559999999965,optimization
signal:72c497153c634b0866e5,rectangle_height_lfd_buffer_0p10atr,rectangle_height,0.1,GS,long,2021-11-02,60,baseline_20_40_60,calibration,closed,2021-11-03,423.33155999999997,412.4416428571429,,466.96000000000004,,0.0,2021-11-04,412.23542203571435,stop,2,-11.096137964285617,-11.180804276285617,-0.026411459321118456,-1.026711602082237,-1.026711602082237,0.6684400000000323,20.301559999999995,optimization
signal:72c497153c634b0866e5,range_expansion_lfd_buffer_0p10atr,daily_range_expansion_analogue,0.1,GS,long,2021-11-02,60,baseline_20_40_60,calibration,closed,2021-11-03,423.33155999999997,412.4416428571429,434.22147714285705,445.11139428571414,,0.4,2021-11-04,412.23542203571435,stop,2,-11.096137964285617,-11.180804276285617,-0.026411459321118456,-1.026711602082237,-1.026711602082237,0.6684400000000323,20.301559999999995,optimization
signal:261ada3352aad811876e,rectangle_height_lfd_buffer_0p00atr,rectangle_height,0.0,ADBE,short,2021-12-03,20,baseline_20_40_60,calibration,closed,2021-12-06,617.1612650000001,674.85,,592.0250000000001,,0.0,2021-12-13,675.187425,stop,6,-58.02615999999989,-58.14959225299989,-0.09422106595267264,-1.0079886870980952,-1.0079886870980952,11.431265000000053,58.048734999999965,optimization
signal:261ada3352aad811876e,range_expansion_lfd_buffer_0p00atr,daily_range_expansion_analogue,0.0,ADBE,short,2021-12-03,20,baseline_20_40_60,calibration,closed,2021-12-06,617.1612650000001,674.85,559.4725300000001,501.78379500000017,,0.4,2021-12-13,675.187425,stop,6,-58.02615999999989,-58.14959225299989,-0.09422106595267264,-1.0079886870980952,-1.0079886870980952,11.431265000000053,58.048734999999965,optimization
signal:261ada3352aad811876e,rectangle_height_lfd_buffer_0p10atr,rectangle_height,0.1,ADBE,short,2021-12-03,20,baseline_20_40_60,calibration,closed,2021-12-06,617.1612650000001,676.8955,,592.0250000000001,,0.0,2021-12-16,592.3210125,gap_objective_capped,9,24.84025250000002,24.71682024700002,0.04004920860838539,0.4137798072914144,0.4137798072914144,18.06126500000005,58.048734999999965,optimization
signal:261ada3352aad811876e,range_expansion_lfd_buffer_0p10atr,daily_range_expansion_analogue,0.1,ADBE,short,2021-12-03,20,baseline_20_40_60,calibration,closed,2021-12-06,617.1612650000001,676.8955,557.4270300000002,497.6927950000003,2021-12-16,0.4,2022-01-03,561.873608406,trade_horizon,20,55.287656594000055,55.16422434100006,0.08938380852693348,0.9234942799719482,0.9234942799719482,79.11126500000012,58.048734999999965,optimization
signal:af526318e158a202a594,rectangle_height_lfd_buffer_0p00atr,rectangle_height,0.0,IEF,long,2021-12-03,40,baseline_20_40_60,calibration,closed,2021-12-06,116.24809499999999,115.41,,118.555,,0.0,2021-12-07,115.352295,stop,2,-0.8957999999999942,-0.9190496189999942,-0.007905932729478227,-1.0965936069300009,-1.0965936069300009,0.031905000000008954,0.9980949999999922,optimization
signal:af526318e158a202a594,range_expansion_lfd_buffer_0p00atr,daily_range_expansion_analogue,0.0,IEF,long,2021-12-03,40,baseline_20_40_60,calibration,closed,2021-12-06,116.24809499999999,115.41,117.08618999999999,117.92428499999998,,0.4,2021-12-07,115.352295,stop,2,-0.8957999999999942,-0.9190496189999942,-0.007905932729478227,-1.0965936069300009,-1.0965936069300009,0.031905000000008954,0.9980949999999922,optimization
signal:af526318e158a202a594,rectangle_height_lfd_buffer_0p10atr,rectangle_height,0.1,IEF,long,2021-12-03,40,baseline_20_40_60,calibration,closed,2021-12-06,116.24809499999999,115.34542857142857,,118.555,,0.0,2021-12-07,115.28775585714287,stop,2,-0.9603391428571229,-0.9835887618571229,-0.008461117249767601,-1.0896481033572616,-1.0896481033572616,0.031905000000008954,0.9980949999999922,optimization
signal:af526318e158a202a594,range_expansion_lfd_buffer_0p10atr,daily_range_expansion_analogue,0.1,IEF,long,2021-12-03,40,baseline_20_40_60,calibration,closed,2021-12-06,116.24809499999999,115.34542857142857,117.15076142857141,118.05342785714284,,0.4,2021-12-07,115.28775585714287,stop,2,-0.9603391428571229,-0.9835887618571229,-0.008461117249767601,-1.0896481033572616,-1.0896481033572616,0.031905000000008954,0.9980949999999922,optimization
signal:f01735dd6ebcf8aef2b3,rectangle_height_lfd_buffer_0p00atr,rectangle_height,0.0,ABNB,short,2021-12-16,60,baseline_20_40_60,calibration,closed,2021-12-17,154.54269000000002,168.96,,109.16,,0.0,2021-12-22,169.04448,stop,4,-14.501789999999971,-14.532698537999972,-0.09403679033929052,-1.008003472076274,-1.008003472076274,5.102690000000024,16.137309999999985,optimization
signal:f01735dd6ebcf8aef2b3,range_expansion_lfd_buffer_0p00atr,daily_range_expansion_analogue,0.0,ABNB,short,2021-12-16,60,baseline_20_40_60,calibration,closed,2021-12-17,154.54269000000002,168.96,140.12538000000004,125.70807000000005,,0.4,2021-12-22,169.04448,stop,4,-14.501789999999971,-14.532698537999972,-0.09403679033929052,-1.008003472076274,-1.008003472076274,5.102690000000024,16.137309999999985,optimization
signal:f01735dd6ebcf8aef2b3,rectangle_height_lfd_buffer_0p10atr,rectangle_height,0.1,ABNB,short,2021-12-16,60,baseline_20_40_60,calibration,closed,2021-12-17,154.54269000000002,169.93614285714287,,109.16,,0.0,2021-12-22,170.02111092857143,stop,4,-15.47842092857141,-15.50932946657141,-0.10035627998044688,-1.0075276554587163,-1.0075276554587163,5.102690000000024,16.137309999999985,optimization
signal:f01735dd6ebcf8aef2b3,range_expansion_lfd_buffer_0p10atr,daily_range_expansion_analogue,0.1,ABNB,short,2021-12-16,60,baseline_20_40_60,calibration,closed,2021-12-17,154.54269000000002,169.93614285714287,139.14923714285717,123.75578428571433,,0.4,2021-12-22,170.02111092857143,stop,4,-15.47842092857141,-15.50932946657141,-0.10035627998044688,-1.0075276554587163,-1.0075276554587163,5.102690000000024,16.137309999999985,optimization
signal:1f26e92ebe3b0a38c5e7,rectangle_height_lfd_buffer_0p00atr,rectangle_height,0.0,HD,short,2021-12-17,20,baseline_20_40_60,calibration,closed,2021-12-20,384.09785500000004,408.87,,381.77,,0.0,2021-12-20,381.96088499999996,objective,1,2.136970000000076,2.060150429000076,0.005363608263316326,0.08316399040131886,0.08316399040131886,3.197855000000061,6.072144999999978,optimization
signal:1f26e92ebe3b0a38c5e7,range_expansion_lfd_buffer_0p00atr,daily_range_expansion_analogue,0.0,HD,short,2021-12-17,20,baseline_20_40_60,calibration,closed,2021-12-20,384.09785500000004,408.87,359.3257100000001,334.5535650000001,,0.4,2021-12-29,409.074435,stop,7,-24.976579999999956,-25.053399570999957,-0.06522660630583306,-1.0113536623897523,-1.0113536623897523,3.197855000000061,28.272144999999966,optimization
signal:1f26e92ebe3b0a38c5e7,rectangle_height_lfd_buffer_0p10atr,rectangle_height,0.1,HD,short,2021-12-17,20,baseline_20_40_60,calibration,closed,2021-12-20,384.09785500000004,409.79278571428574,,381.77,,0.0,2021-12-20,381.96088499999996,objective,1,2.136970000000076,2.060150429000076,0.005363608263316326,0.08017731014369643,0.08017731014369643,3.197855000000061,6.072144999999978,optimization
signal:1f26e92ebe3b0a38c5e7,range_expansion_lfd_buffer_0p10atr,daily_range_expansion_analogue,0.1,HD,short,2021-12-17,20,baseline_20_40_60,calibration,closed,2021-12-20,384.09785500000004,409.79278571428574,358.40292428571433,332.70799357142863,,0.4,2021-12-29,409.99768210714285,stop,7,-25.899827107142812,-25.976646678142814,-0.06763028311663655,-1.01096387326316,-1.01096387326316,3.197855000000061,28.272144999999966,optimization
signal:7529c73a4161ecb1260d,rectangle_height_lfd_buffer_0p00atr,rectangle_height,0.0,CRM,short,2021-12-20,80,80_only,calibration,closed,2021-12-21,247.876,261.35,,192.09500000000003,,0.0,2022-01-19,226.383135,trade_horizon,20,21.492864999999995,21.443289799999995,0.08650813229195241,1.5914568650734724,1.5914568650734724,28.98600000000002,12.903999999999968,optimization
signal:7529c73a4161ecb1260d,range_expansion_lfd_buffer_0p00atr,daily_range_expansion_analogue,0.0,CRM,short,2021-12-20,80,80_only,calibration,closed,2021-12-21,247.876,261.35,234.402,220.92799999999997,2022-01-05,0.4,2022-01-10,226.43075879999998,target_2,14,21.445241200000027,21.395666000000027,0.08631600477658195,1.5879223690069764,1.5879223690069764,28.98600000000002,12.903999999999968,optimization
signal:7529c73a4161ecb1260d,rectangle_height_lfd_buffer_0p10atr,rectangle_height,0.1,CRM,short,2021-12-20,80,80_only,calibration,closed,2021-12-21,247.876,262.4047142857143,,192.09500000000003,,0.0,2022-01-19,226.383135,trade_horizon,20,21.492864999999995,21.443289799999995,0.08650813229195241,1.4759248050658282,1.4759248050658282,28.98600000000002,12.903999999999968,optimization
signal:7529c73a4161ecb1260d,range_expansion_lfd_buffer_0p10atr,daily_range_expansion_analogue,0.1,CRM,short,2021-12-20,80,80_only,calibration,closed,2021-12-21,247.876,262.4047142857143,233.3472857142857,218.8185714285714,2022-01-05,0.4,2022-01-19,229.21546474285714,trade_horizon,20,18.660535257142868,18.61096005714287,0.07508173464612496,1.2809777720966355,1.2809777720966355,28.98600000000002,12.903999999999968,optimization
signal:00b5735e199fb0ac55c9,rectangle_height_lfd_buffer_0p00atr,rectangle_height,0.0,AMAT,long,2021-12-27,20,baseline_20_40_60,calibration,closed,2021-12-28,162.931425,153.0,,168.04000000000002,,0.0,2022-01-06,152.92350000000002,stop,8,-10.007924999999972,-10.040511284999972,-0.06162415436432826,-1.0109839509435938,-1.0109839509435938,0.08857500000002005,11.091424999999987,optimization
signal:00b5735e199fb0ac55c9,range_expansion_lfd_buffer_0p00atr,daily_range_expansion_analogue,0.0,AMAT,long,2021-12-27,20,baseline_20_40_60,calibration,closed,2021-12-28,162.931425,153.0,172.86284999999998,182.79427499999997,,0.4,2022-01-06,152.92350000000002,stop,8,-10.007924999999972,-10.040511284999972,-0.06162415436432826,-1.0109839509435938,-1.0109839509435938,0.08857500000002005,11.091424999999987,optimization
signal:00b5735e199fb0ac55c9,rectangle_height_lfd_buffer_0p10atr,rectangle_height,0.1,AMAT,long,2021-12-27,20,baseline_20_40_60,calibration,closed,2021-12-28,162.931425,152.39542857142857,,168.04000000000002,,0.0,2022-01-06,152.31923085714286,stop,8,-10.612194142857135,-10.644780427857135,-0.0653328873043192,-1.0103249844495688,-1.0103249844495688,0.08857500000002005,11.091424999999987,optimization
signal:00b5735e199fb0ac55c9,range_expansion_lfd_buffer_0p10atr,daily_range_expansion_analogue,0.1,AMAT,long,2021-12-27,20,baseline_20_40_60,calibration,closed,2021-12-28,162.931425,152.39542857142857,173.4674214285714,184.00341785714284,,0.4,2022-01-06,152.31923085714286,stop,8,-10.612194142857135,-10.644780427857135,-0.0653328873043192,-1.0103249844495688,-1.0103249844495688,0.08857500000002005,11.091424999999987,optimization
signal:d6bbd8b86da3d0a2e302,rectangle_height_lfd_buffer_0p00atr,rectangle_height,0.0,QQQ,long,2021-12-27,20,baseline_20_40_60,calibration,closed,2021-12-28,404.392095,393.93,,421.995,,0.0,2022-01-04,393.73303500000003,stop,6,-10.659059999999954,-10.739938418999953,-0.0265582303704526,-1.0265571493090033,-1.0265571493090033,0.0,11.312095,optimization
signal:d6bbd8b86da3d0a2e302,range_expansion_lfd_buffer_0p00atr,daily_range_expansion_analogue,0.0,QQQ,long,2021-12-27,20,baseline_20_40_60,calibration,closed,2021-12-28,404.392095,393.93,414.85418999999996,425.31628499999994,,0.4,2022-01-04,393.73303500000003,stop,6,-10.659059999999954,-10.739938418999953,-0.0265582303704526,-1.0265571493090033,-1.0265571493090033,0.0,11.312095,optimization
signal:d6bbd8b86da3d0a2e302,rectangle_height_lfd_buffer_0p10atr,rectangle_height,0.1,QQQ,long,2021-12-27,20,baseline_20_40_60,calibration,closed,2021-12-28,404.392095,393.1187142857143,,421.995,,0.0,2022-01-04,392.92215492857144,stop,6,-11.469940071428539,-11.550818490428538,-0.02856341316570132,-1.0246099890684335,-1.0246099890684335,0.0,11.312095,optimization
signal:d6bbd8b86da3d0a2e302,range_expansion_lfd_buffer_0p10atr,daily_range_expansion_analogue,0.1,QQQ,long,2021-12-27,20,baseline_20_40_60,calibration,closed,2021-12-28,404.392095,393.1187142857143,415.66547571428566,426.93885642857134,,0.4,2022-01-04,392.92215492857144,stop,6,-11.469940071428539,-11.550818490428538,-0.02856341316570132,-1.0246099890684335,-1.0246099890684335,0.0,11.312095,optimization
signal:edb38b696a28cdf0c875,rectangle_height_lfd_buffer_0p00atr,rectangle_height,0.0,MSFT,short,2022-01-06,40,baseline_20_40_60,calibration,closed,2022-01-07,313.992925,326.07,,291.23499999999996,,0.0,2022-01-24,291.3806174999999,objective,11,22.6123075000001,22.5495089150001,0.07181534079151655,1.8671333013167624,1.8671333013167624,37.942925,9.417075000000011,optimization
signal:edb38b696a28cdf0c875,range_expansion_lfd_buffer_0p00atr,daily_range_expansion_analogue,0.0,MSFT,short,2022-01-06,40,baseline_20_40_60,calibration,closed,2022-01-07,313.992925,326.07,301.91585000000003,289.83877500000006,2022-01-18,0.4,2022-01-24,294.81693980250003,target_2,11,19.175985197499983,19.113186612499984,0.060871392603830114,1.582600639020625,1.582600639020625,37.942925,9.417075000000011,optimization
signal:edb38b696a28cdf0c875,rectangle_height_lfd_buffer_0p10atr,rectangle_height,0.1,MSFT,short,2022-01-06,40,baseline_20_40_60,calibration,closed,2022-01-07,313.992925,326.79242857142856,,291.23499999999996,,0.0,2022-01-24,291.3806174999999,objective,11,22.6123075000001,22.5495089150001,0.07181534079151655,1.7617487107340495,1.7617487107340495,37.942925,9.417075000000011,optimization
signal:edb38b696a28cdf0c875,range_expansion_lfd_buffer_0p10atr,daily_range_expansion_analogue,0.1,MSFT,short,2022-01-06,40,baseline_20_40_60,calibration,closed,2022-01-07,313.992925,326.79242857142856,301.19342142857147,288.3939178571429,2022-01-20,0.4,2022-01-24,293.66047614535717,target_2,11,20.33244885464285,20.26965026964285,0.06455448086813691,1.5836278459181339,1.5836278459181339,37.942925,9.417075000000011,optimization
signal:17ad225038e4bdde1297,rectangle_height_lfd_buffer_0p00atr,rectangle_height,0.0,AMAT,long,2022-01-14,20,baseline_20_40_60,calibration,closed,2022-01-18,165.44268,154.62,,181.60000000000002,,0.0,2022-01-18,154.54269000000002,stop,1,-10.899989999999974,-10.933078535999973,-0.0660837852481595,-1.010200665269599,-1.010200665269599,0.4473199999999906,13.922679999999986,optimization
signal:17ad225038e4bdde1297,range_expansion_lfd_buffer_0p00atr,daily_range_expansion_analogue,0.0,AMAT,long,2022-01-14,20,baseline_20_40_60,calibration,closed,2022-01-18,165.44268,154.62,176.26536,187.08803999999998,,0.4,2022-01-18,154.54269000000002,stop,1,-10.899989999999974,-10.933078535999973,-0.0660837852481595,-1.010200665269599,-1.010200665269599,0.4473199999999906,13.922679999999986,optimization
signal:17ad225038e4bdde1297,rectangle_height_lfd_buffer_0p10atr,rectangle_height,0.1,AMAT,long,2022-01-14,20,baseline_20_40_60,calibration,closed,2022-01-18,165.44268,154.03878571428572,,181.60000000000002,,0.0,2022-01-18,153.9617663214286,stop,1,-11.480913678571397,-11.514002214571397,-0.0695951142387889,-1.009655291964172,-1.009655291964172,0.4473199999999906,13.922679999999986,optimization
signal:17ad225038e4bdde1297,range_expansion_lfd_buffer_0p10atr,daily_range_expansion_analogue,0.1,AMAT,long,2022-01-14,20,baseline_20_40_60,calibration,closed,2022-01-18,165.44268,154.03878571428572,176.84657428571427,188.25046857142854,,0.4,2022-01-18,153.9617663214286,stop,1,-11.480913678571397,-11.514002214571397,-0.0695951142387889,-1.009655291964172,-1.009655291964172,0.4473199999999906,13.922679999999986,optimization
signal:51b2dfaa5575da66957c,rectangle_height_lfd_buffer_0p00atr,rectangle_height,0.0,HD,short,2022-01-14,40,baseline_20_40_60,calibration,closed,2022-01-18,365.91695000000004,394.31,,345.24999999999994,,0.0,2022-01-24,345.4226249999999,gap_objective_capped,5,20.494325000000117,20.421141610000117,0.05580813244644752,0.7192302908634383,0.7192302908634383,18.736950000000036,2.783049999999946,optimization
signal:51b2dfaa5575da66957c,range_expansion_lfd_buffer_0p00atr,daily_range_expansion_analogue,0.0,HD,short,2022-01-14,40,baseline_20_40_60,calibration,closed,2022-01-18,365.91695000000004,394.31,337.5239000000001,309.1308500000001,,0.4,2022-02-14,351.73578,trade_horizon,20,14.181170000000066,14.107986610000065,0.03855516015314421,0.49688168794828613,0.49688168794828613,22.30695000000003,8.753049999999973,optimization
signal:51b2dfaa5575da66957c,rectangle_height_lfd_buffer_0p10atr,rectangle_height,0.1,HD,short,2022-01-14,40,baseline_20_40_60,calibration,closed,2022-01-18,365.91695000000004,395.1051428571429,,345.24999999999994,,0.0,2022-01-24,345.4226249999999,gap_objective_capped,5,20.494325000000117,20.421141610000117,0.05580813244644752,0.699637065917314,0.699637065917314,18.736950000000036,2.783049999999946,optimization
signal:51b2dfaa5575da66957c,range_expansion_lfd_buffer_0p10atr,daily_range_expansion_analogue,0.1,HD,short,2022-01-14,40,baseline_20_40_60,calibration,closed,2022-01-18,365.91695000000004,395.1051428571429,336.7287571428572,307.54056428571437,,0.4,2022-02-14,351.73578,trade_horizon,20,14.181170000000066,14.107986610000065,0.03855516015314421,0.48334566922486283,0.48334566922486283,22.30695000000003,8.753049999999973,optimization
signal:6bb147b55ec50ca4d18c,rectangle_height_lfd_buffer_0p00atr,rectangle_height,0.0,QCOM,short,2022-01-20,40,baseline_20_40_60,calibration,closed,2022-01-21,166.15688000000003,181.21,,154.83999999999997,,0.0,2022-02-02,181.300605,stop,9,-15.14372499999996,-15.17695637599996,-0.09134112518241772,-1.008226625178035,-1.008226625178035,8.776880000000034,22.483119999999957,optimization
signal:6bb147b55ec50ca4d18c,range_expansion_lfd_buffer_0p00atr,daily_range_expansion_analogue,0.0,QCOM,short,2022-01-20,40,baseline_20_40_60,calibration,closed,2022-01-21,166.15688000000003,181.21,151.10376000000005,136.05064000000007,,0.4,2022-02-02,181.300605,stop,9,-15.14372499999996,-15.17695637599996,-0.09134112518241772,-1.008226625178035,-1.008226625178035,8.776880000000034,22.483119999999957,optimization
signal:6bb147b55ec50ca4d18c,rectangle_height_lfd_buffer_0p10atr,rectangle_height,0.1,QCOM,short,2022-01-20,40,baseline_20_40_60,calibration,closed,2022-01-21,166.15688000000003,181.90264285714287,,154.83999999999997,,0.0,2022-02-02,181.9935941785714,stop,9,-15.836714178571384,-15.869945554571384,-0.09551181723303531,-1.0078867374388414,-1.0078867374388414,8.776880000000034,22.483119999999957,optimization
signal:6bb147b55ec50ca4d18c,range_expansion_lfd_buffer_0p10atr,daily_range_expansion_analogue,0.1,QCOM,short,2022-01-20,40,baseline_20_40_60,calibration,closed,2022-01-21,166.15688000000003,181.90264285714287,150.4111171428572,134.66535428571436,,0.4,2022-02-02,181.9935941785714,stop,9,-15.836714178571384,-15.869945554571384,-0.09551181723303531,-1.0078867374388414,-1.0078867374388414,8.776880000000034,22.483119999999957,optimization
signal:8600ef461dd509866950,rectangle_height_lfd_buffer_0p00atr,rectangle_height,0.0,ABNB,long,2022-02-15,40,baseline_20_40_60,calibration,closed,2022-02-16,178.379145,165.03,,217.89500000000004,,0.0,2022-02-22,164.947485,stop,4,-13.431659999999994,-13.467335828999994,-0.07549837638811417,-1.008853812659912,-1.008853812659912,13.350854999999996,17.059145,optimization
signal:8600ef461dd509866950,range_expansion_lfd_buffer_0p00atr,daily_range_expansion_analogue,0.0,ABNB,long,2022-02-15,40,baseline_20_40_60,calibration,closed,2022-02-16,178.379145,165.03,191.72829,205.07743499999998,2022-02-16,0.4,2022-02-18,183.6269435985,breakeven_stop,3,5.2477985984999975,5.212122769499998,0.02921935055524567,0.3904461873400881,0.3904461873400881,13.350854999999996,4.7591449999999895,optimization
signal:8600ef461dd509866950,rectangle_height_lfd_buffer_0p10atr,rectangle_height,0.1,ABNB,long,2022-02-15,40,baseline_20_40_60,calibration,closed,2022-02-16,178.379145,164.19085714285714,,217.89500000000004,,0.0,2022-02-22,164.10876171428572,stop,4,-14.270383285714274,-14.306059114714275,-0.08020028975200141,-1.0083005968554641,-1.0083005968554641,13.350854999999996,17.059145,optimization
signal:8600ef461dd509866950,range_expansion_lfd_buffer_0p10atr,daily_range_expansion_analogue,0.1,ABNB,long,2022-02-15,40,baseline_20_40_60,calibration,closed,2022-02-16,178.379145,164.19085714285714,192.56743285714285,206.7557207142857,,0.4,2022-02-22,164.10876171428572,stop,4,-14.270383285714274,-14.306059114714275,-0.08020028975200141,-1.0083005968554641,-1.0083005968554641,13.350854999999996,17.059145,optimization
signal:ad8e2d3d6fb944e36925,rectangle_height_lfd_buffer_0p00atr,rectangle_height,0.0,GDX,long,2022-03-01,80,80_only,calibration,closed,2022-03-02,35.327655,34.09,,41.305,,0.0,2022-03-29,38.20089,trade_horizon,20,2.873235000000001,2.8661694690000012,0.08113104221041564,2.315806479996452,2.315806479996452,4.932344999999998,0.3776549999999972,optimization
signal:ad8e2d3d6fb944e36925,range_expansion_lfd_buffer_0p00atr,daily_range_expansion_analogue,0.0,GDX,long,2022-03-01,80,80_only,calibration,closed,2022-03-02,35.327655,34.09,36.56531,37.80296499999999,2022-03-04,0.4,2022-03-07,37.2892490485,target_2,4,1.9615940484999967,1.9545285174999967,0.05532573609824928,1.5792191826478317,1.5792191826478317,3.222344999999997,0.3776549999999972,optimization
signal:ad8e2d3d6fb944e36925,rectangle_height_lfd_buffer_0p10atr,rectangle_height,0.1,GDX,long,2022-03-01,80,80_only,calibration,closed,2022-03-02,35.327655,33.97185714285715,,41.305,,0.0,2022-03-29,38.20089,trade_horizon,20,2.873235000000001,2.8661694690000012,0.08113104221041564,2.1140094401978446,2.1140094401978446,4.932344999999998,0.3776549999999972,optimization
signal:ad8e2d3d6fb944e36925,range_expansion_lfd_buffer_0p10atr,daily_range_expansion_analogue,0.1,GDX,long,2022-03-01,80,80_only,calibration,closed,2022-03-02,35.327655,33.97185714285715,36.68345285714285,38.03925071428571,2022-03-04,0.4,2022-03-07,37.478183105642856,target_2,4,2.150528105642856,2.143462574642856,0.06067378586670573,1.5809602909093625,1.5809602909093625,3.222344999999997,0.3776549999999972,optimization
signal:17df59ea52797eb2bbf2,rectangle_height_lfd_buffer_0p00atr,rectangle_height,0.0,BAC,short,2022-03-04,80,80_only,calibration,closed,2022-03-07,39.910035,43.54,,35.19500000000001,,0.0,2022-03-22,43.84191,gap_stop,12,-3.931874999999998,-3.939857006999998,-0.09871845532082339,-1.0853705220298266,-1.0853705220298266,1.7400349999999989,3.519964999999999,optimization
signal:17df59ea52797eb2bbf2,range_expansion_lfd_buffer_0p00atr,daily_range_expansion_analogue,0.0,BAC,short,2022-03-04,80,80_only,calibration,closed,2022-03-07,39.910035,43.54,36.28007,32.650105,,0.4,2022-03-22,43.84191,gap_stop,12,-3.931874999999998,-3.939857006999998,-0.09871845532082339,-1.0853705220298266,-1.0853705220298266,1.7400349999999989,3.519964999999999,optimization
signal:17df59ea52797eb2bbf2,rectangle_height_lfd_buffer_0p10atr,rectangle_height,0.1,BAC,short,2022-03-04,80,80_only,calibration,closed,2022-03-07,39.910035,43.6885,,35.19500000000001,,0.0,2022-03-22,43.84191,gap_stop,12,-3.931874999999998,-3.939857006999998,-0.09871845532082339,-1.0427136435033806,-1.0427136435033806,1.7400349999999989,3.519964999999999,optimization
signal:17df59ea52797eb2bbf2,range_expansion_lfd_buffer_0p10atr,daily_range_expansion_analogue,0.1,BAC,short,2022-03-04,80,80_only,calibration,closed,2022-03-07,39.910035,43.6885,36.13157,32.353105000000006,,0.4,2022-03-22,43.84191,gap_stop,12,-3.931874999999998,-3.939857006999998,-0.09871845532082339,-1.0427136435033806,-1.0427136435033806,1.7400349999999989,3.519964999999999,optimization
signal:65310195f6e0de2e4cb8,rectangle_height_lfd_buffer_0p00atr,rectangle_height,0.0,QCOM,short,2022-03-07,80,80_only,calibration,closed,2022-03-08,150.58467000000002,166.07,,122.66,,0.0,2022-04-04,153.88690499999998,trade_horizon,20,-3.3022349999999676,-3.3323519339999677,-0.022129423493108345,-0.21519411817507103,-0.21519411817507103,11.534670000000006,10.715329999999994,optimization
signal:65310195f6e0de2e4cb8,range_expansion_lfd_buffer_0p00atr,daily_range_expansion_analogue,0.0,QCOM,short,2022-03-07,80,80_only,calibration,closed,2022-03-08,150.58467000000002,166.07,135.09934000000004,119.61401000000006,,0.4,2022-04-04,153.88690499999998,trade_horizon,20,-3.3022349999999676,-3.3323519339999677,-0.022129423493108345,-0.21519411817507103,-0.21519411817507103,11.534670000000006,10.715329999999994,optimization
signal:65310195f6e0de2e4cb8,rectangle_height_lfd_buffer_0p10atr,rectangle_height,0.1,QCOM,short,2022-03-07,80,80_only,calibration,closed,2022-03-08,150.58467000000002,166.76907142857144,,122.66,,0.0,2022-04-04,153.88690499999998,trade_horizon,20,-3.3022349999999676,-3.3323519339999677,-0.022129423493108345,-0.2058989916128218,-0.2058989916128218,11.534670000000006,10.715329999999994,optimization
signal:65310195f6e0de2e4cb8,range_expansion_lfd_buffer_0p10atr,daily_range_expansion_analogue,0.1,QCOM,short,2022-03-07,80,80_only,calibration,closed,2022-03-08,150.58467000000002,166.76907142857144,134.4002685714286,118.21586714285718,,0.4,2022-04-04,153.88690499999998,trade_horizon,20,-3.3022349999999676,-3.3323519339999677,-0.022129423493108345,-0.2058989916128218,-0.2058989916128218,11.534670000000006,10.715329999999994,optimization
signal:695b7b509cea42b3144c,rectangle_height_lfd_buffer_0p00atr,rectangle_height,0.0,GOOGL,short,2022-04-22,40,baseline_20_40_60,calibration,closed,2022-04-25,119.04045,131.4,,107.59,,0.0,2022-05-20,107.643795,objective,20,11.39665500000001,11.37284691000001,0.09553766732232623,0.9201667463621258,0.9201667463621258,13.24045000000001,4.239549999999994,optimization
signal:695b7b509cea42b3144c,range_expansion_lfd_buffer_0p00atr,daily_range_expansion_analogue,0.0,GOOGL,short,2022-04-22,40,baseline_20_40_60,calibration,closed,2022-04-25,119.04045,131.4,106.68090000000001,94.32135000000001,2022-05-20,0.4,2022-05-20,108.07236918,trade_horizon,20,10.968080820000011,10.944272730000012,0.09193742740387836,0.8854911974950556,0.8854911974950556,13.24045000000001,4.239549999999994,optimization
signal:695b7b509cea42b3144c,rectangle_height_lfd_buffer_0p10atr,rectangle_height,0.1,GOOGL,short,2022-04-22,40,baseline_20_40_60,calibration,closed,2022-04-25,119.04045,131.7572142857143,,107.59,,0.0,2022-05-20,107.643795,objective,20,11.39665500000001,11.37284691000001,0.09553766732232623,0.8943192351828048,0.8943192351828048,13.24045000000001,4.239549999999994,optimization
signal:695b7b509cea42b3144c,range_expansion_lfd_buffer_0p10atr,daily_range_expansion_analogue,0.1,GOOGL,short,2022-04-22,40,baseline_20_40_60,calibration,closed,2022-04-25,119.04045,131.7572142857143,106.32368571428572,93.60692142857143,2022-05-20,0.4,2022-05-20,107.92941202285714,trade_horizon,20,11.111037977142871,11.087229887142872,0.09313833984282545,0.8718593533732477,0.8718593533732477,13.24045000000001,4.239549999999994,optimization
signal:0e2d55164262ef7d62ef,rectangle_height_lfd_buffer_0p00atr,rectangle_height,0.0,XLE,long,2022-05-06,40,baseline_20_40_60,calibration,closed,2022-05-09,40.590285,39.49,,46.14999999999999,,0.0,2022-05-09,39.470255,stop,1,-1.1200299999999999,-1.1281480569999998,-0.027793548554783484,-1.025323490731947,-1.025323490731947,0.009714999999999918,2.710284999999999,optimization
signal:0e2d55164262ef7d62ef,range_expansion_lfd_buffer_0p00atr,daily_range_expansion_analogue,0.0,XLE,long,2022-05-06,40,baseline_20_40_60,calibration,closed,2022-05-09,40.590285,39.49,41.69057,42.790855,,0.4,2022-05-09,39.470255,stop,1,-1.1200299999999999,-1.1281480569999998,-0.027793548554783484,-1.025323490731947,-1.025323490731947,0.009714999999999918,2.710284999999999,optimization
signal:0e2d55164262ef7d62ef,rectangle_height_lfd_buffer_0p10atr,rectangle_height,0.1,XLE,long,2022-05-06,40,baseline_20_40_60,calibration,closed,2022-05-09,40.590285,39.35028571428572,,46.14999999999999,,0.0,2022-05-09,39.33061057142858,stop,1,-1.2596744285714223,-1.2677924855714222,-0.031233889724386565,-1.0224138837637546,-1.0224138837637546,0.009714999999999918,2.710284999999999,optimization
signal:0e2d55164262ef7d62ef,range_expansion_lfd_buffer_0p10atr,daily_range_expansion_analogue,0.1,XLE,long,2022-05-06,40,baseline_20_40_60,calibration,closed,2022-05-09,40.590285,39.35028571428572,41.830284285714285,43.07028357142857,,0.4,2022-05-09,39.33061057142858,stop,1,-1.2596744285714223,-1.2677924855714222,-0.031233889724386565,-1.0224138837637546,-1.0224138837637546,0.009714999999999918,2.710284999999999,optimization
signal:d4f79152cbf80a2ac834,rectangle_height_lfd_buffer_0p00atr,rectangle_height,0.0,DIA,short,2022-05-11,60,baseline_20_40_60,calibration,closed,2022-05-12,316.4417,330.65,,292.855,,0.0,2022-05-27,330.815325,stop,12,-14.373624999999947,-14.436913339999947,-0.045622663953581166,-1.0160901261938442,-1.0160901261938442,10.161700000000053,15.68829999999997,optimization
signal:d4f79152cbf80a2ac834,range_expansion_lfd_buffer_0p00atr,daily_range_expansion_analogue,0.0,DIA,short,2022-05-11,60,baseline_20_40_60,calibration,closed,2022-05-12,316.4417,330.65,302.2334000000001,288.0251000000001,,0.4,2022-05-27,330.815325,stop,12,-14.373624999999947,-14.436913339999947,-0.045622663953581166,-1.0160901261938442,-1.0160901261938442,10.161700000000053,15.68829999999997,optimization
signal:d4f79152cbf80a2ac834,rectangle_height_lfd_buffer_0p10atr,rectangle_height,0.1,DIA,short,2022-05-11,60,baseline_20_40_60,calibration,closed,2022-05-12,316.4417,331.4858571428571,,292.855,,0.0,2022-05-27,331.65160007142856,stop,12,-15.209900071428535,-15.273188411428535,-0.04826541006267042,-1.0152239348736247,-1.0152239348736247,10.161700000000053,15.68829999999997,optimization
signal:d4f79152cbf80a2ac834,range_expansion_lfd_buffer_0p10atr,daily_range_expansion_analogue,0.1,DIA,short,2022-05-11,60,baseline_20_40_60,calibration,closed,2022-05-12,316.4417,331.4858571428571,301.3975428571429,286.3533857142858,,0.4,2022-05-27,331.65160007142856,stop,12,-15.209900071428535,-15.273188411428535,-0.04826541006267042,-1.0152239348736247,-1.0152239348736247,10.161700000000053,15.68829999999997,optimization
signal:44aa2b3ea9910ea3fa12,rectangle_height_lfd_buffer_0p00atr,rectangle_height,0.0,NFLX,long,2022-07-19,20,baseline_20_40_60,calibration,closed,2022-07-20,20.83041,17.46,,21.239999999999995,,0.0,2022-07-20,21.229379999999995,objective,1,0.39896999999999494,0.3948039179999949,0.018953247583700702,0.1171382466821529,0.1171382466821529,0.8695899999999988,0.820409999999999,optimization
signal:44aa2b3ea9910ea3fa12,range_expansion_lfd_buffer_0p00atr,daily_range_expansion_analogue,0.0,NFLX,long,2022-07-19,20,baseline_20_40_60,calibration,closed,2022-07-20,20.83041,17.46,24.20082,27.57123,2022-08-10,0.4,2022-08-16,24.410116836,trade_horizon,20,3.5797068359999997,3.575540754,0.1716500421259111,1.0608622553339209,1.0608622553339209,4.369589999999999,0.820409999999999,optimization
signal:44aa2b3ea9910ea3fa12,rectangle_height_lfd_buffer_0p10atr,rectangle_height,0.1,NFLX,long,2022-07-19,20,baseline_20_40_60,calibration,closed,2022-07-20,20.83041,17.372285714285717,,21.239999999999995,,0.0,2022-07-20,21.229379999999995,objective,1,0.39896999999999494,0.3948039179999949,0.018953247583700702,0.11416707017470519,0.11416707017470519,0.8695899999999988,0.820409999999999,optimization
signal:44aa2b3ea9910ea3fa12,range_expansion_lfd_buffer_0p10atr,daily_range_expansion_analogue,0.1,NFLX,long,2022-07-19,20,baseline_20_40_60,calibration,closed,2022-07-20,20.83041,17.372285714285717,24.288534285714285,27.74665857142857,2022-08-10,0.4,2022-08-16,24.44518500742857,trade_horizon,20,3.6147750074285696,3.61060892542857,0.17333355058438935,1.0440946094228623,1.0440946094228623,4.369589999999999,0.820409999999999,optimization
signal:78ed6b45455854a5357a,rectangle_height_lfd_buffer_0p00atr,rectangle_height,0.0,GS,long,2022-07-29,60,baseline_20_40_60,calibration,closed,2022-08-01,331.895865,321.89,,380.53499999999997,,0.0,2022-08-26,336.2318,trade_horizon,20,4.335935000000006,4.269555827000007,0.012864142875055122,0.426705320029802,0.426705320029802,26.72413499999999,4.6758649999999875,optimization
signal:78ed6b45455854a5357a,range_expansion_lfd_buffer_0p00atr,daily_range_expansion_analogue,0.0,GS,long,2022-07-29,60,baseline_20_40_60,calibration,closed,2022-08-01,331.895865,321.89,341.90173000000004,351.9075950000001,2022-08-10,0.4,2022-08-11,347.73129637550005,target_2,9,15.835431375500036,15.769052202500037,0.04751204779999304,1.575980907447781,1.575980907447781,24.154134999999997,4.6758649999999875,optimization
signal:78ed6b45455854a5357a,rectangle_height_lfd_buffer_0p10atr,rectangle_height,0.1,GS,long,2022-07-29,60,baseline_20_40_60,calibration,closed,2022-08-01,331.895865,320.95635714285714,,380.53499999999997,,0.0,2022-08-26,336.2318,trade_horizon,20,4.335935000000006,4.269555827000007,0.012864142875055122,0.39028774262566407,0.39028774262566407,26.72413499999999,4.6758649999999875,optimization
signal:78ed6b45455854a5357a,range_expansion_lfd_buffer_0p10atr,daily_range_expansion_analogue,0.1,GS,long,2022-07-29,60,baseline_20_40_60,calibration,closed,2022-08-01,331.895865,320.95635714285714,342.8353728571429,353.77488071428576,2022-08-10,0.4,2022-08-11,349.2243780326429,target_2,9,17.32851303264289,17.262133859642887,0.05201069275039894,1.577962563313276,1.577962563313276,24.154134999999997,4.6758649999999875,optimization
signal:44cd58a07e0d4865f8f2,rectangle_height_lfd_buffer_0p00atr,rectangle_height,0.0,AVGO,short,2022-08-26,20,baseline_20_40_60,calibration,closed,2022-08-29,51.974000000000004,55.05,,49.52000000000001,,0.0,2022-09-01,49.54476000000001,gap_objective_capped,4,2.429239999999993,2.418845199999993,0.04653952360795769,0.7863605981794533,0.7863605981794533,2.324000000000005,0.2959999999999994,optimization
signal:44cd58a07e0d4865f8f2,range_expansion_lfd_buffer_0p00atr,daily_range_expansion_analogue,0.0,AVGO,short,2022-08-26,20,baseline_20_40_60,calibration,closed,2022-08-29,51.974000000000004,55.05,48.89800000000001,45.82200000000002,2022-09-01,0.4,2022-09-02,50.7689718,breakeven_stop,5,1.205028200000001,1.194633400000001,0.022985211836687593,0.3883723667100141,0.3883723667100141,3.8940000000000055,0.2959999999999994,optimization
signal:44cd58a07e0d4865f8f2,rectangle_height_lfd_buffer_0p10atr,rectangle_height,0.1,AVGO,short,2022-08-26,20,baseline_20_40_60,calibration,closed,2022-08-29,51.974000000000004,55.20007142857143,,49.52000000000001,,0.0,2022-09-01,49.54476000000001,gap_objective_capped,4,2.429239999999993,2.418845199999993,0.04653952360795769,0.749780422893833,0.749780422893833,2.324000000000005,0.2959999999999994,optimization
signal:44cd58a07e0d4865f8f2,range_expansion_lfd_buffer_0p10atr,daily_range_expansion_analogue,0.1,AVGO,short,2022-08-26,20,baseline_20_40_60,calibration,closed,2022-08-29,51.974000000000004,55.20007142857143,48.74792857142858,45.52185714285716,2022-09-01,0.4,2022-09-02,50.708913214285715,breakeven_stop,5,1.2650867857142885,1.2546919857142884,0.02414076241417417,0.38892256836045763,0.38892256836045763,3.8940000000000055,0.2959999999999994,optimization
signal:b2ccbc214afab66654e3,rectangle_height_lfd_buffer_0p00atr,rectangle_height,0.0,WFC,short,2022-09-22,40,baseline_20_40_60,calibration,closed,2022-09-23,40.79959,43.81,,38.28,,0.0,2022-10-14,43.831905,stop,16,-3.032314999999997,-3.040474917999997,-0.07452219294360549,-1.0099869844971272,-1.0099869844971272,1.4595899999999986,4.12041,optimization
signal:b2ccbc214afab66654e3,range_expansion_lfd_buffer_0p00atr,daily_range_expansion_analogue,0.0,WFC,short,2022-09-22,40,baseline_20_40_60,calibration,closed,2022-09-23,40.79959,43.81,37.78918,34.77877,,0.4,2022-10-14,43.831905,stop,16,-3.032314999999997,-3.040474917999997,-0.07452219294360549,-1.0099869844971272,-1.0099869844971272,1.4595899999999986,4.12041,optimization
signal:b2ccbc214afab66654e3,rectangle_height_lfd_buffer_0p10atr,rectangle_height,0.1,WFC,short,2022-09-22,40,baseline_20_40_60,calibration,closed,2022-09-23,40.79959,43.947071428571434,,38.28,,0.0,2022-10-14,43.969044964285715,stop,16,-3.1694549642857126,-3.1776148822857126,-0.0778835003559034,-1.009573830504842,-1.009573830504842,1.4595899999999986,4.12041,optimization
signal:b2ccbc214afab66654e3,range_expansion_lfd_buffer_0p10atr,daily_range_expansion_analogue,0.1,WFC,short,2022-09-22,40,baseline_20_40_60,calibration,closed,2022-09-23,40.79959,43.947071428571434,37.65210857142857,34.50462714285714,,0.4,2022-10-14,43.969044964285715,stop,16,-3.1694549642857126,-3.1776148822857126,-0.0778835003559034,-1.009573830504842,-1.009573830504842,1.4595899999999986,4.12041,optimization
signal:5c763c37c364cd026090,rectangle_height_lfd_buffer_0p00atr,rectangle_height,0.0,NFLX,long,2022-10-19,60,baseline_20_40_60,calibration,closed,2022-10-20,27.29364,23.77,,28.78,,0.0,2022-10-21,28.765610000000002,objective,2,1.4719700000000024,1.4665112720000024,0.05373087913521254,0.41619213994619264,0.41619213994619264,1.7763600000000004,0.7236399999999996,optimization
signal:5c763c37c364cd026090,range_expansion_lfd_buffer_0p00atr,daily_range_expansion_analogue,0.0,NFLX,long,2022-10-19,60,baseline_20_40_60,calibration,closed,2022-10-20,27.29364,23.77,30.81728,34.34092,2022-11-14,0.4,2022-11-16,30.671568544000003,trade_horizon,20,3.377928544000003,3.3724698160000033,0.12356247887786324,0.9570982892690522,0.9570982892690522,3.9763599999999997,2.083639999999999,optimization
signal:5c763c37c364cd026090,rectangle_height_lfd_buffer_0p10atr,rectangle_height,0.1,NFLX,long,2022-10-19,60,baseline_20_40_60,calibration,closed,2022-10-20,27.29364,23.638571428571428,,28.78,,0.0,2022-10-21,28.765610000000002,objective,2,1.4719700000000024,1.4665112720000024,0.05373087913521254,0.4012267467329132,0.4012267467329132,1.7763600000000004,0.7236399999999996,optimization
signal:5c763c37c364cd026090,range_expansion_lfd_buffer_0p10atr,daily_range_expansion_analogue,0.1,NFLX,long,2022-10-19,60,baseline_20_40_60,calibration,closed,2022-10-20,27.29364,23.638571428571428,30.948708571428572,34.60377714285714,2022-11-14,0.4,2022-11-16,30.724113686857145,trade_horizon,20,3.4304736868571446,3.425014958857145,0.12548765788869293,0.9370590159731227,0.9370590159731227,3.9763599999999997,2.083639999999999,optimization
signal:9343a82ffdddb1b11f11,rectangle_height_lfd_buffer_0p00atr,rectangle_height,0.0,WMT,long,2022-10-21,20,baseline_20_40_60,calibration,closed,2022-10-24,45.842909999999996,44.55,,47.250000000000014,,0.0,2022-10-26,47.22637500000002,objective,3,1.3834650000000224,1.3742964180000223,0.029978385272663156,1.0629482469777658,1.0629482469777658,1.5070900000000051,0.13290999999999542,optimization
signal:9343a82ffdddb1b11f11,range_expansion_lfd_buffer_0p00atr,daily_range_expansion_analogue,0.0,WMT,long,2022-10-21,20,baseline_20_40_60,calibration,closed,2022-10-24,45.842909999999996,44.55,47.135819999999995,48.428729999999995,2022-10-26,0.4,2022-11-14,46.509061836,loose_high_water_giveback,16,0.6661518360000045,0.6569832540000045,0.014331185651172767,0.508143067962971,0.508143067962971,2.177090000000007,0.13290999999999542,optimization
signal:9343a82ffdddb1b11f11,rectangle_height_lfd_buffer_0p10atr,rectangle_height,0.1,WMT,long,2022-10-21,20,baseline_20_40_60,calibration,closed,2022-10-24,45.842909999999996,44.45092857142857,,47.250000000000014,,0.0,2022-10-26,47.22637500000002,objective,3,1.3834650000000224,1.3742964180000223,0.029978385272663156,0.9872950815230672,0.9872950815230672,1.5070900000000051,0.13290999999999542,optimization
signal:9343a82ffdddb1b11f11,range_expansion_lfd_buffer_0p10atr,daily_range_expansion_analogue,0.1,WMT,long,2022-10-21,20,baseline_20_40_60,calibration,closed,2022-10-24,45.842909999999996,44.45092857142857,47.23489142857142,48.62687285714285,2022-10-26,0.4,2022-11-14,46.54867059314286,loose_high_water_giveback,16,0.7057605931428625,0.6965920111428625,0.015195196185034121,0.5004319718961813,0.5004319718961813,2.177090000000007,0.13290999999999542,optimization
signal:b61a1662aa1bdd111037,rectangle_height_lfd_buffer_0p00atr,rectangle_height,0.0,CRM,short,2022-12-05,60,baseline_20_40_60,calibration,closed,2022-12-06,132.64364500000002,145.21,,107.93,,0.0,2023-01-04,139.659795,trade_horizon,20,-7.016149999999982,-7.042678728999982,-0.05309473159456663,-0.5604392625387384,-0.5604392625387384,6.303645000000017,9.206354999999974,optimization
signal:b61a1662aa1bdd111037,range_expansion_lfd_buffer_0p00atr,daily_range_expansion_analogue,0.0,CRM,short,2022-12-05,60,baseline_20_40_60,calibration,closed,2022-12-06,132.64364500000002,145.21,120.07729000000003,107.51093500000005,,0.4,2023-01-04,139.659795,trade_horizon,20,-7.016149999999982,-7.042678728999982,-0.05309473159456663,-0.5604392625387384,-0.5604392625387384,6.303645000000017,9.206354999999974,optimization
signal:b61a1662aa1bdd111037,rectangle_height_lfd_buffer_0p10atr,rectangle_height,0.1,CRM,short,2022-12-05,60,baseline_20_40_60,calibration,closed,2022-12-06,132.64364500000002,145.86357142857145,,107.93,,0.0,2023-01-04,139.659795,trade_horizon,20,-7.016149999999982,-7.042678728999982,-0.05309473159456663,-0.5327320667820864,-0.5327320667820864,6.303645000000017,9.206354999999974,optimization
signal:b61a1662aa1bdd111037,range_expansion_lfd_buffer_0p10atr,daily_range_expansion_analogue,0.1,CRM,short,2022-12-05,60,baseline_20_40_60,calibration,closed,2022-12-06,132.64364500000002,145.86357142857145,119.4237185714286,106.20379214285717,,0.4,2023-01-04,139.659795,trade_horizon,20,-7.016149999999982,-7.042678728999982,-0.05309473159456663,-0.5327320667820864,-0.5327320667820864,6.303645000000017,9.206354999999974,optimization
signal:c97a38abef86faf40885,rectangle_height_lfd_buffer_0p00atr,rectangle_height,0.0,IWM,long,2023-01-31,60,baseline_20_40_60,validation,closed,2023-02-01,191.285595,186.83,,207.97500000000002,,0.0,2023-02-22,186.73658500000002,stop,15,-4.549009999999981,-4.587267118999981,-0.023981247092861233,-1.0295520842895267,-1.0295520842895267,7.97440499999999,4.535595000000001,optimization
signal:c97a38abef86faf40885,range_expansion_lfd_buffer_0p00atr,daily_range_expansion_analogue,0.0,IWM,long,2023-01-31,60,baseline_20_40_60,validation,closed,2023-02-01,191.285595,186.83,195.74119,200.19678499999998,2023-02-01,0.4,2023-02-08,193.831511762,loose_high_water_giveback,6,2.5459167619999903,2.5076596429999904,0.013109505935352792,0.5628113962332746,0.5628113962332746,7.97440499999999,1.1555950000000053,optimization
signal:c97a38abef86faf40885,rectangle_height_lfd_buffer_0p10atr,rectangle_height,0.1,IWM,long,2023-01-31,60,baseline_20_40_60,validation,closed,2023-02-01,191.285595,186.51335714285716,,207.97500000000002,,0.0,2023-02-24,186.42010046428575,stop,17,-4.865494535714248,-4.903751654714248,-0.02563576026053738,-1.0275580977956837,-1.0275580977956837,7.97440499999999,5.505595,optimization
signal:c97a38abef86faf40885,range_expansion_lfd_buffer_0p10atr,daily_range_expansion_analogue,0.1,IWM,long,2023-01-31,60,baseline_20_40_60,validation,closed,2023-02-01,191.285595,186.51335714285716,196.05783285714284,200.83007071428568,2023-02-01,0.4,2023-02-08,193.95810557628573,loose_high_water_giveback,6,2.672510576285731,2.6342534572857312,0.01377131120242343,0.55199542356065,0.55199542356065,7.97440499999999,1.1555950000000053,optimization
signal:819ee71401bb00e7a98a,rectangle_height_lfd_buffer_0p00atr,rectangle_height,0.0,XOM,long,2023-02-10,20,baseline_20_40_60,validation,closed,2023-02-13,117.77886,114.18,,125.455,,0.0,2023-02-15,114.12291000000002,stop,3,-3.655949999999976,-3.6795057719999757,-0.03124079968170838,-1.0224086994214803,-1.0224086994214803,0.40114000000001226,3.638859999999994,optimization
signal:819ee71401bb00e7a98a,range_expansion_lfd_buffer_0p00atr,daily_range_expansion_analogue,0.0,XOM,long,2023-02-10,20,baseline_20_40_60,validation,closed,2023-02-13,117.77886,114.18,121.37771999999998,124.97657999999997,,0.4,2023-02-15,114.12291000000002,stop,3,-3.655949999999976,-3.6795057719999757,-0.03124079968170838,-1.0224086994214803,-1.0224086994214803,0.40114000000001226,3.638859999999994,optimization
signal:819ee71401bb00e7a98a,rectangle_height_lfd_buffer_0p10atr,rectangle_height,0.1,XOM,long,2023-02-10,20,baseline_20_40_60,validation,closed,2023-02-13,117.77886,113.80528571428572,,125.455,,0.0,2023-02-17,113.74838307142858,stop,5,-4.030476928571417,-4.054032700571417,-0.034420716082422746,-1.020248373145156,-1.020248373145156,0.40114000000001226,6.798859999999991,optimization
signal:819ee71401bb00e7a98a,range_expansion_lfd_buffer_0p10atr,daily_range_expansion_analogue,0.1,XOM,long,2023-02-10,20,baseline_20_40_60,validation,closed,2023-02-13,117.77886,113.80528571428572,121.75243428571427,125.72600857142855,,0.4,2023-02-17,113.74838307142858,stop,5,-4.030476928571417,-4.054032700571417,-0.034420716082422746,-1.020248373145156,-1.020248373145156,0.40114000000001226,6.798859999999991,optimization
signal:0f39c7c713797af89e5f,rectangle_height_lfd_buffer_0p00atr,rectangle_height,0.0,DIA,short,2023-02-21,20,baseline_20_40_60,validation,closed,2023-02-22,331.58412500000003,338.43,,328.26,,0.0,2023-02-23,328.42413,objective,2,3.1599950000000376,3.0936781750000377,0.009329994839168002,0.45190398232512974,0.45190398232512974,3.6041250000000105,1.1658749999999714,optimization
signal:0f39c7c713797af89e5f,range_expansion_lfd_buffer_0p00atr,daily_range_expansion_analogue,0.0,DIA,short,2023-02-21,20,baseline_20_40_60,validation,closed,2023-02-22,331.58412500000003,338.43,324.73825000000005,317.8923750000001,2023-03-09,0.4,2023-03-13,320.79104036250004,gap_target_2_capped,14,10.793084637499987,10.726767812499988,0.032350064444430164,1.566895073675757,1.566895073675757,13.154125000000022,4.535874999999976,optimization
signal:0f39c7c713797af89e5f,rectangle_height_lfd_buffer_0p10atr,rectangle_height,0.1,DIA,short,2023-02-21,20,baseline_20_40_60,validation,closed,2023-02-22,331.58412500000003,338.85978571428575,,328.26,,0.0,2023-02-23,328.42413,objective,2,3.1599950000000376,3.0936781750000377,0.009329994839168002,0.42520924167417773,0.42520924167417773,3.6041250000000105,1.1658749999999714,optimization
signal:0f39c7c713797af89e5f,range_expansion_lfd_buffer_0p10atr,daily_range_expansion_analogue,0.1,DIA,short,2023-02-21,20,baseline_20_40_60,validation,closed,2023-02-22,331.58412500000003,338.85978571428575,324.3084642857143,317.0328035714286,2023-03-09,0.4,2023-03-13,320.10303939107143,gap_target_2_capped,14,11.481085608928595,11.414768783928595,0.03442495560946591,1.5688978956255832,1.5688978956255832,13.154125000000022,4.535874999999976,optimization
signal:6a6be9d7e71f725955c9,rectangle_height_lfd_buffer_0p00atr,rectangle_height,0.0,DIA,short,2023-03-09,60,baseline_20_40_60,validation,closed,2023-03-10,322.37873,329.5,,307.9799999999999,,0.0,2023-03-31,329.75479499999994,gap_stop,16,-7.376064999999926,-7.440540745999926,-0.02308012301555976,-1.0448333999412949,-1.0448333999412949,7.408729999999991,6.57126999999997,optimization
signal:6a6be9d7e71f725955c9,range_expansion_lfd_buffer_0p00atr,daily_range_expansion_analogue,0.0,DIA,short,2023-03-09,60,baseline_20_40_60,validation,closed,2023-03-10,322.37873,329.5,315.25746000000004,308.13619000000006,2023-03-15,0.4,2023-03-16,319.68998711100005,breakeven_stop,5,2.6887428889999683,2.6242671429999684,0.008140323472953593,0.3685111143096632,0.3685111143096632,7.408729999999991,2.491269999999986,optimization
signal:6a6be9d7e71f725955c9,rectangle_height_lfd_buffer_0p10atr,rectangle_height,0.1,DIA,short,2023-03-09,60,baseline_20_40_60,validation,closed,2023-03-10,322.37873,329.9018571428571,,307.9799999999999,,0.0,2023-03-31,330.0668080714285,stop,16,-7.688078071428492,-7.752553817428493,-0.024047969347817992,-1.030496184660287,-1.030496184660287,7.408729999999991,10.431269999999984,optimization
signal:6a6be9d7e71f725955c9,range_expansion_lfd_buffer_0p10atr,daily_range_expansion_analogue,0.1,DIA,short,2023-03-09,60,baseline_20_40_60,validation,closed,2023-03-10,322.37873,329.9018571428571,314.8556028571429,307.3324757142858,,0.4,2023-03-31,330.0668080714285,stop,16,-7.688078071428492,-7.752553817428493,-0.024047969347817992,-1.030496184660287,-1.030496184660287,7.408729999999991,10.431269999999984,optimization
signal:e65f3729dd5e9b7f8d22,rectangle_height_lfd_buffer_0p00atr,rectangle_height,0.0,WMT,short,2023-03-09,60,baseline_20_40_60,validation,closed,2023-03-10,45.647165,47.23,,42.91999999999999,,0.0,2023-03-20,47.253614999999996,stop,7,-1.6064499999999953,-1.6155794329999953,-0.03539276607868189,-1.020687205552063,-1.020687205552063,0.28716500000000167,1.6628350000000012,optimization
signal:e65f3729dd5e9b7f8d22,range_expansion_lfd_buffer_0p00atr,daily_range_expansion_analogue,0.0,WMT,short,2023-03-09,60,baseline_20_40_60,validation,closed,2023-03-10,45.647165,47.23,44.064330000000005,42.48149500000001,,0.4,2023-03-20,47.253614999999996,stop,7,-1.6064499999999953,-1.6155794329999953,-0.03539276607868189,-1.020687205552063,-1.020687205552063,0.28716500000000167,1.6628350000000012,optimization
signal:e65f3729dd5e9b7f8d22,rectangle_height_lfd_buffer_0p10atr,rectangle_height,0.1,WMT,short,2023-03-09,60,baseline_20_40_60,validation,closed,2023-03-10,45.647165,47.32071428571428,,42.91999999999999,,0.0,2023-03-24,47.34437464285713,stop,11,-1.697209642857132,-1.706339075857132,-0.03738105259893209,-1.019592963543262,-1.019592963543262,0.28716500000000167,1.842835000000001,optimization
signal:e65f3729dd5e9b7f8d22,range_expansion_lfd_buffer_0p10atr,daily_range_expansion_analogue,0.1,WMT,short,2023-03-09,60,baseline_20_40_60,validation,closed,2023-03-10,45.647165,47.32071428571428,43.97361571428572,42.30006642857144,,0.4,2023-03-24,47.34437464285713,stop,11,-1.697209642857132,-1.706339075857132,-0.03738105259893209,-1.019592963543262,-1.019592963543262,0.28716500000000167,1.842835000000001,optimization
signal:29aa0ae9df582f90adde,rectangle_height_lfd_buffer_0p00atr,rectangle_height,0.0,JPM,short,2023-03-17,60,baseline_20_40_60,validation,closed,2023-03-20,126.926505,135.53,,112.34000000000003,,0.0,2023-04-14,135.59776499999998,stop,19,-8.671259999999975,-8.696645300999975,-0.06851717299708185,-1.0108270302940816,-1.0108270302940816,3.8165050000000065,12.193494999999999,optimization
signal:29aa0ae9df582f90adde,range_expansion_lfd_buffer_0p00atr,daily_range_expansion_analogue,0.0,JPM,short,2023-03-17,60,baseline_20_40_60,validation,closed,2023-03-20,126.926505,135.53,118.32301000000001,109.71951500000002,,0.4,2023-04-14,135.59776499999998,stop,19,-8.671259999999975,-8.696645300999975,-0.06851717299708185,-1.0108270302940816,-1.0108270302940816,3.8165050000000065,12.193494999999999,optimization
signal:29aa0ae9df582f90adde,rectangle_height_lfd_buffer_0p10atr,rectangle_height,0.1,JPM,short,2023-03-17,60,baseline_20_40_60,validation,closed,2023-03-20,126.926505,135.94642857142858,,112.34000000000003,,0.0,2023-04-14,136.01440178571428,stop,19,-9.087896785714278,-9.113282086714278,-0.07179967719677051,-1.0103502556919022,-1.0103502556919022,3.8165050000000065,12.193494999999999,optimization
signal:29aa0ae9df582f90adde,range_expansion_lfd_buffer_0p10atr,daily_range_expansion_analogue,0.1,JPM,short,2023-03-17,60,baseline_20_40_60,validation,closed,2023-03-20,126.926505,135.94642857142858,117.90658142857143,108.88665785714285,,0.4,2023-04-14,136.01440178571428,stop,19,-9.087896785714278,-9.113282086714278,-0.07179967719677051,-1.0103502556919022,-1.0103502556919022,3.8165050000000065,12.193494999999999,optimization
signal:c21e0948912e04900e10,rectangle_height_lfd_buffer_0p00atr,rectangle_height,0.0,XLI,long,2023-06-07,40,baseline_20_40_60,validation,closed,2023-06-08,102.361155,99.91,,105.49,,0.0,2023-06-15,105.43725500000001,objective,6,3.076100000000011,3.055627769000011,0.029851438946737276,1.2466073214464246,1.2466073214464246,3.4688450000000017,0.6311549999999926,optimization
signal:c21e0948912e04900e10,range_expansion_lfd_buffer_0p00atr,daily_range_expansion_analogue,0.0,XLI,long,2023-06-07,40,baseline_20_40_60,validation,closed,2023-06-08,102.361155,99.91,104.81231,107.263465,2023-06-14,0.4,2023-06-23,103.840977538,loose_high_water_giveback,11,1.4798225380000076,1.4593503070000076,0.01425687612649552,0.5953725109183253,0.5953725109183253,4.238844999999998,0.6311549999999926,optimization
signal:c21e0948912e04900e10,rectangle_height_lfd_buffer_0p10atr,rectangle_height,0.1,XLI,long,2023-06-07,40,baseline_20_40_60,validation,closed,2023-06-08,102.361155,99.76207142857143,,105.49,,0.0,2023-06-15,105.43725500000001,objective,6,3.076100000000011,3.055627769000011,0.029851438946737276,1.1756558359993443,1.1756558359993443,3.4688450000000017,0.6311549999999926,optimization
signal:c21e0948912e04900e10,range_expansion_lfd_buffer_0p10atr,daily_range_expansion_analogue,0.1,XLI,long,2023-06-07,40,baseline_20_40_60,validation,closed,2023-06-08,102.361155,99.76207142857143,104.96023857142856,107.55932214285713,2023-06-15,0.4,2023-06-23,103.90011938085715,loose_high_water_giveback,11,1.538964380857152,1.518492149857152,0.014834652362579848,0.5842413712855432,0.5842413712855432,4.238844999999998,0.6311549999999926,optimization
signal:7078090bdb18e347bc87,rectangle_height_lfd_buffer_0p00atr,rectangle_height,0.0,JPM,long,2023-06-15,40,baseline_20_40_60,validation,closed,2023-06-16,143.121525,139.76,,148.72,,0.0,2023-06-22,139.69012,stop,4,-3.431404999999984,-3.460029304999984,-0.02417546420777716,-1.0293034575081201,-1.0293034575081201,0.898475000000019,4.171525000000003,optimization
signal:7078090bdb18e347bc87,range_expansion_lfd_buffer_0p00atr,daily_range_expansion_analogue,0.0,JPM,long,2023-06-15,40,baseline_20_40_60,validation,closed,2023-06-16,143.121525,139.76,146.48305,149.844575,,0.4,2023-06-22,139.69012,stop,4,-3.431404999999984,-3.460029304999984,-0.02417546420777716,-1.0293034575081201,-1.0293034575081201,0.898475000000019,4.171525000000003,optimization
signal:7078090bdb18e347bc87,rectangle_height_lfd_buffer_0p10atr,rectangle_height,0.1,JPM,long,2023-06-15,40,baseline_20_40_60,validation,closed,2023-06-16,143.121525,139.53157142857143,,148.72,,0.0,2023-06-22,139.46180564285714,stop,4,-3.6597193571428477,-3.688343662142848,-0.025770712421788744,-1.027407064954082,-1.027407064954082,0.898475000000019,4.171525000000003,optimization
signal:7078090bdb18e347bc87,range_expansion_lfd_buffer_0p10atr,daily_range_expansion_analogue,0.1,JPM,long,2023-06-15,40,baseline_20_40_60,validation,closed,2023-06-16,143.121525,139.53157142857143,146.71147857142856,150.30143214285712,,0.4,2023-06-22,139.46180564285714,stop,4,-3.6597193571428477,-3.688343662142848,-0.025770712421788744,-1.027407064954082,-1.027407064954082,0.898475000000019,4.171525000000003,optimization
signal:53d4be69eb583c9c9e33,rectangle_height_lfd_buffer_0p00atr,rectangle_height,0.0,ABNB,long,2023-07-03,80,80_only,validation,closed,2023-07-05,131.90592,123.42,,154.48000000000002,,0.0,2023-07-28,154.40276000000003,objective,18,22.49684000000002,22.47045881600002,0.1703521632387691,2.647969674001169,2.647969674001169,22.58408,5.845920000000007,optimization
signal:53d4be69eb583c9c9e33,range_expansion_lfd_buffer_0p00atr,daily_range_expansion_analogue,0.0,ABNB,long,2023-07-03,80,80_only,validation,closed,2023-07-05,131.90592,123.42,140.39184,148.87776000000002,2023-07-13,0.4,2023-07-21,145.410650304,target_2,13,13.504730303999992,13.478349119999992,0.10218153301989776,1.5883191356977182,1.5883191356977182,18.08408,5.845920000000007,optimization
signal:53d4be69eb583c9c9e33,rectangle_height_lfd_buffer_0p10atr,rectangle_height,0.1,ABNB,long,2023-07-03,80,80_only,validation,closed,2023-07-05,131.90592,122.97514285714286,,154.48000000000002,,0.0,2023-07-28,154.40276000000003,objective,18,22.49684000000002,22.47045881600002,0.1703521632387691,2.516069817504283,2.516069817504283,22.58408,5.845920000000007,optimization
signal:53d4be69eb583c9c9e33,range_expansion_lfd_buffer_0p10atr,daily_range_expansion_analogue,0.1,ABNB,long,2023-07-03,80,80_only,validation,closed,2023-07-05,131.90592,122.97514285714286,140.83669714285716,149.76747428571431,2023-07-14,0.4,2023-07-21,146.1220658468572,target_2,13,14.216145846857188,14.189764662857188,0.1075748886998945,1.5888611299864515,1.5888611299864515,18.08408,5.845920000000007,optimization
signal:911fd348ab8bd4f48292,rectangle_height_lfd_buffer_0p00atr,rectangle_height,0.0,GS,long,2023-07-20,80,80_only,validation,closed,2023-07-21,351.95588999999995,331.3,,381.83000000000004,,0.0,2023-08-15,331.13435000000004,stop,18,-20.821539999999914,-20.891931177999915,-0.05935951569953814,-1.0114273061097814,-1.0114273061097814,9.66411000000005,21.475889999999936,optimization
signal:911fd348ab8bd4f48292,range_expansion_lfd_buffer_0p00atr,daily_range_expansion_analogue,0.0,GS,long,2023-07-20,80,80_only,validation,closed,2023-07-21,351.95588999999995,331.3,372.6117799999999,393.26766999999984,,0.4,2023-08-15,331.13435000000004,stop,18,-20.821539999999914,-20.891931177999915,-0.05935951569953814,-1.0114273061097814,-1.0114273061097814,9.66411000000005,21.475889999999936,optimization
signal:911fd348ab8bd4f48292,rectangle_height_lfd_buffer_0p10atr,rectangle_height,0.1,GS,long,2023-07-20,80,80_only,validation,closed,2023-07-21,351.95588999999995,330.55057142857146,,381.83000000000004,,0.0,2023-08-15,330.3852961428572,stop,18,-21.57059385714274,-21.64098503514274,-0.0614877763095334,-1.0110097153157445,-1.0110097153157445,9.66411000000005,21.475889999999936,optimization
signal:911fd348ab8bd4f48292,range_expansion_lfd_buffer_0p10atr,daily_range_expansion_analogue,0.1,GS,long,2023-07-20,80,80_only,validation,closed,2023-07-21,351.95588999999995,330.55057142857146,373.36120857142845,394.76652714285694,,0.4,2023-08-15,330.3852961428572,stop,18,-21.57059385714274,-21.64098503514274,-0.0614877763095334,-1.0110097153157445,-1.0110097153157445,9.66411000000005,21.475889999999936,optimization
signal:a8d7ef31bba6790308ff,rectangle_height_lfd_buffer_0p00atr,rectangle_height,0.0,SMH,short,2023-08-09,20,baseline_20_40_60,validation,closed,2023-08-10,151.06443,153.9,,143.47,,0.0,2023-08-18,143.541735,objective,7,7.522694999999999,7.492482113999999,0.049597923971910526,2.6423195738422787,2.6423195738422787,7.714429999999993,2.0955700000000093,optimization
signal:a8d7ef31bba6790308ff,range_expansion_lfd_buffer_0p00atr,daily_range_expansion_analogue,0.0,SMH,short,2023-08-09,20,baseline_20_40_60,validation,closed,2023-08-10,151.06443,153.9,148.22885999999997,145.39328999999995,2023-08-11,0.4,2023-08-14,146.60078175899994,target_2,3,4.463648241000044,4.433435355000044,0.029347976588532748,1.563507638675827,1.563507638675827,6.044429999999977,2.0955700000000093,optimization
signal:a8d7ef31bba6790308ff,rectangle_height_lfd_buffer_0p10atr,rectangle_height,0.1,SMH,short,2023-08-09,20,baseline_20_40_60,validation,closed,2023-08-10,151.06443,154.26085714285716,,143.47,,0.0,2023-08-18,143.541735,objective,7,7.522694999999999,7.492482113999999,0.049597923971910526,2.3440177983542996,2.3440177983542996,7.714429999999993,2.0955700000000093,optimization
signal:a8d7ef31bba6790308ff,range_expansion_lfd_buffer_0p10atr,daily_range_expansion_analogue,0.1,SMH,short,2023-08-09,20,baseline_20_40_60,validation,closed,2023-08-10,151.06443,154.26085714285716,147.8680028571428,144.67157571428564,2023-08-11,0.4,2023-08-14,149.61797274342854,loose_high_water_giveback,3,1.446457256571449,1.4162443705714491,0.00937510154158361,0.4430710625569015,0.4430710625569015,6.044429999999977,2.0955700000000093,optimization
signal:990b4088cac5981cdf4c,rectangle_height_lfd_buffer_0p00atr,rectangle_height,0.0,ADBE,long,2023-11-07,60,baseline_20_40_60,validation,closed,2023-11-08,589.2945,558.17,,635.4100000000001,,0.0,2023-12-06,595.4021500000001,trade_horizon,20,6.107650000000149,5.989791100000149,0.01016434244677347,0.19244617905508993,0.19244617905508993,39.30550000000005,13.294499999999971,optimization
signal:990b4088cac5981cdf4c,range_expansion_lfd_buffer_0p00atr,daily_range_expansion_analogue,0.0,ADBE,long,2023-11-07,60,baseline_20_40_60,validation,closed,2023-11-08,589.2945,558.17,620.419,651.5435,2023-11-22,0.4,2023-12-06,605.2848062,loose_high_water_giveback,20,15.990306200000077,15.872447300000077,0.026934660513546416,0.5099663384150772,0.5099663384150772,39.30550000000005,13.294499999999971,optimization
signal:990b4088cac5981cdf4c,rectangle_height_lfd_buffer_0p10atr,rectangle_height,0.1,ADBE,long,2023-11-07,60,baseline_20_40_60,validation,closed,2023-11-08,589.2945,556.6537142857143,,635.4100000000001,,0.0,2023-12-06,595.4021500000001,trade_horizon,20,6.107650000000149,5.989791100000149,0.01016434244677347,0.1835063393519548,0.1835063393519548,39.30550000000005,13.294499999999971,optimization
signal:990b4088cac5981cdf4c,range_expansion_lfd_buffer_0p10atr,daily_range_expansion_analogue,0.1,ADBE,long,2023-11-07,60,baseline_20_40_60,validation,closed,2023-11-08,589.2945,556.6537142857143,621.9352857142857,654.5760714285714,2023-11-22,0.4,2023-12-06,605.8910172285715,loose_high_water_giveback,20,16.596517228571543,16.47865832857154,0.02796336692192366,0.5048487028717396,0.5048487028717396,39.30550000000005,13.294499999999971,optimization
signal:9459e2b022cad6b10acb,rectangle_height_lfd_buffer_0p00atr,rectangle_height,0.0,DIS,long,2023-11-09,60,baseline_20_40_60,validation,closed,2023-11-10,90.17506499999999,83.95,,93.245,,0.0,2023-11-15,93.1983775,objective,4,3.023312500000017,3.005277487000017,0.033327145225789605,0.4827704589430028,0.4827704589430028,4.384935000000013,3.2350649999999916,optimization
signal:9459e2b022cad6b10acb,range_expansion_lfd_buffer_0p00atr,daily_range_expansion_analogue,0.0,DIS,long,2023-11-09,60,baseline_20_40_60,validation,closed,2023-11-10,90.17506499999999,83.95,96.40012999999998,102.62519499999996,2023-11-24,0.4,2023-12-05,92.61875845449998,breakeven_stop,17,2.443693454499993,2.425658441499993,0.02689943657373569,0.3896599379283587,0.3896599379283587,6.334935000000016,3.2350649999999916,optimization
signal:9459e2b022cad6b10acb,rectangle_height_lfd_buffer_0p10atr,rectangle_height,0.1,DIS,long,2023-11-09,60,baseline_20_40_60,validation,closed,2023-11-10,90.17506499999999,83.7745,,93.245,,0.0,2023-11-15,93.1983775,objective,4,3.023312500000017,3.005277487000017,0.033327145225789605,0.4695331563697929,0.4695331563697929,4.384935000000013,3.2350649999999916,optimization
signal:9459e2b022cad6b10acb,range_expansion_lfd_buffer_0p10atr,daily_range_expansion_analogue,0.1,DIS,long,2023-11-09,60,baseline_20_40_60,validation,closed,2023-11-10,90.17506499999999,83.7745,96.57562999999998,102.97619499999996,,0.4,2023-12-08,92.77359,trade_horizon,20,2.5985250000000093,2.5804899870000093,0.028616447207440433,0.40316596847309805,0.40316596847309805,6.334935000000016,3.2350649999999916,optimization
signal:eb5ed8022cd352444c03,rectangle_height_lfd_buffer_0p00atr,rectangle_height,0.0,AVGO,long,2023-11-10,80,80_only,validation,closed,2023-11-13,95.0475,89.9,,103.66,,0.0,2023-12-11,103.60817,objective,20,8.560670000000002,8.541660500000003,0.08986728214839951,1.6593803788246746,1.6593803788246746,8.902500000000003,4.737499999999997,optimization
signal:eb5ed8022cd352444c03,range_expansion_lfd_buffer_0p00atr,daily_range_expansion_analogue,0.0,AVGO,long,2023-11-10,80,80_only,validation,closed,2023-11-13,95.0475,89.9,100.195,105.34249999999999,2023-12-11,0.4,2023-12-11,101.77908500000001,trade_horizon,20,6.73158500000001,6.71257550000001,0.07062337778479191,1.304045750364258,1.304045750364258,8.902500000000003,4.737499999999997,optimization
signal:eb5ed8022cd352444c03,rectangle_height_lfd_buffer_0p10atr,rectangle_height,0.1,AVGO,long,2023-11-10,80,80_only,validation,closed,2023-11-13,95.0475,89.6785,,103.66,,0.0,2023-12-11,103.60817,objective,20,8.560670000000002,8.541660500000003,0.08986728214839951,1.590922052523748,1.590922052523748,8.902500000000003,4.737499999999997,optimization
signal:eb5ed8022cd352444c03,range_expansion_lfd_buffer_0p10atr,daily_range_expansion_analogue,0.1,AVGO,long,2023-11-10,80,80_only,validation,closed,2023-11-13,95.0475,89.6785,100.4165,105.7855,2023-12-11,0.4,2023-12-11,101.86764070000001,trade_horizon,20,6.82014070000001,6.80113120000001,0.0715550771982431,1.2667407710933154,1.2667407710933154,8.902500000000003,4.737499999999997,optimization
signal:62fd77afe1b51be5b9b1,rectangle_height_lfd_buffer_0p00atr,rectangle_height,0.0,XOM,short,2023-12-05,20,baseline_20_40_60,validation,closed,2023-12-06,99.95,103.36,,97.90499999999999,,0.0,2023-12-12,97.95395249999999,objective,5,1.9960475000000173,1.9760575000000173,0.01977046023011523,0.579489002932557,0.579489002932557,2.469999999999999,0.8799999999999955,optimization
signal:62fd77afe1b51be5b9b1,range_expansion_lfd_buffer_0p00atr,daily_range_expansion_analogue,0.0,XOM,short,2023-12-05,20,baseline_20_40_60,validation,closed,2023-12-06,99.95,103.36,96.54,93.13000000000001,,0.4,2023-12-20,103.55175,gap_stop,11,-3.6017499999999956,-3.6217399999999955,-0.03623551775887939,-1.0620938416422285,-1.0620938416422285,2.469999999999999,3.239999999999995,optimization
signal:62fd77afe1b51be5b9b1,rectangle_height_lfd_buffer_0p10atr,rectangle_height,0.1,XOM,short,2023-12-05,20,baseline_20_40_60,validation,closed,2023-12-06,99.95,103.55214285714285,,97.90499999999999,,0.0,2023-12-12,97.95395249999999,objective,5,1.9960475000000173,1.9760575000000173,0.01977046023011523,0.5485783263930257,0.5485783263930257,2.469999999999999,0.8799999999999955,optimization
signal:62fd77afe1b51be5b9b1,range_expansion_lfd_buffer_0p10atr,daily_range_expansion_analogue,0.1,XOM,short,2023-12-05,20,baseline_20_40_60,validation,closed,2023-12-06,99.95,103.55214285714285,96.34785714285715,92.7457142857143,,0.4,2023-12-20,103.60391892857142,stop,11,-3.6539189285714144,-3.6739089285714144,-0.036757468019724,-1.0199231608169717,-1.0199231608169717,2.469999999999999,3.989999999999995,optimization
signal:6c93a7aad104e5de7826,rectangle_height_lfd_buffer_0p00atr,rectangle_height,0.0,XLE,short,2024-01-17,40,baseline_20_40_60,validation,closed,2024-01-18,40.009985,41.67,,38.050000000000004,,0.0,2024-01-25,41.690835,stop,6,-1.6808499999999995,-1.6888519969999995,-0.04221076306327032,-1.0173715279681197,-1.0173715279681197,0.5199849999999984,1.820014999999998,optimization
signal:6c93a7aad104e5de7826,range_expansion_lfd_buffer_0p00atr,daily_range_expansion_analogue,0.0,XLE,short,2024-01-17,40,baseline_20_40_60,validation,closed,2024-01-18,40.009985,41.67,38.34997,36.689955,,0.4,2024-01-25,41.690835,stop,6,-1.6808499999999995,-1.6888519969999995,-0.04221076306327032,-1.0173715279681197,-1.0173715279681197,0.5199849999999984,1.820014999999998,optimization
signal:6c93a7aad104e5de7826,rectangle_height_lfd_buffer_0p10atr,rectangle_height,0.1,XLE,short,2024-01-17,40,baseline_20_40_60,validation,closed,2024-01-18,40.009985,41.74735714285715,,38.050000000000004,,0.0,2024-01-25,41.768230821428574,stop,6,-1.7582458214285737,-1.7662478184285737,-0.04414517572122493,-1.0166203168907382,-1.0166203168907382,0.5199849999999984,1.820014999999998,optimization
signal:6c93a7aad104e5de7826,range_expansion_lfd_buffer_0p10atr,daily_range_expansion_analogue,0.1,XLE,short,2024-01-17,40,baseline_20_40_60,validation,closed,2024-01-18,40.009985,41.74735714285715,38.27261285714285,36.535240714285706,,0.4,2024-01-25,41.768230821428574,stop,6,-1.7582458214285737,-1.7662478184285737,-0.04414517572122493,-1.0166203168907382,-1.0166203168907382,0.5199849999999984,1.820014999999998,optimization
signal:ba18a002b8bfd4d49f7c,rectangle_height_lfd_buffer_0p00atr,rectangle_height,0.0,XLY,long,2024-02-22,40,baseline_20_40_60,validation,closed,2024-02-23,90.74535,88.73,,95.73500000000001,,0.0,2024-03-21,92.12391500000001,trade_horizon,20,1.378565000000009,1.360415930000009,0.014991577309471052,0.6750271317637186,0.6750271317637186,1.8946499999999986,1.9653500000000008,optimization
signal:ba18a002b8bfd4d49f7c,range_expansion_lfd_buffer_0p00atr,daily_range_expansion_analogue,0.0,XLY,long,2024-02-22,40,baseline_20_40_60,validation,closed,2024-02-23,90.74535,88.73,92.7607,94.77605,,0.4,2024-03-21,92.12391500000001,trade_horizon,20,1.378565000000009,1.360415930000009,0.014991577309471052,0.6750271317637186,0.6750271317637186,1.8946499999999986,1.9653500000000008,optimization
signal:ba18a002b8bfd4d49f7c,rectangle_height_lfd_buffer_0p10atr,rectangle_height,0.1,XLY,long,2024-02-22,40,baseline_20_40_60,validation,closed,2024-02-23,90.74535,88.59785714285715,,95.73500000000001,,0.0,2024-03-21,92.12391500000001,trade_horizon,20,1.378565000000009,1.360415930000009,0.014991577309471052,0.6334903166150622,0.6334903166150622,1.8946499999999986,1.9653500000000008,optimization
signal:ba18a002b8bfd4d49f7c,range_expansion_lfd_buffer_0p10atr,daily_range_expansion_analogue,0.1,XLY,long,2024-02-22,40,baseline_20_40_60,validation,closed,2024-02-23,90.74535,88.59785714285715,92.89284285714285,95.0403357142857,,0.4,2024-03-21,92.12391500000001,trade_horizon,20,1.378565000000009,1.360415930000009,0.014991577309471052,0.6334903166150622,0.6334903166150622,1.8946499999999986,1.9653500000000008,optimization
signal:b03007418fd406a51eb8,rectangle_height_lfd_buffer_0p00atr,rectangle_height,0.0,SLV,long,2024-03-04,40,baseline_20_40_60,validation,closed,2024-03-05,21.97098,20.64,,22.95,,0.0,2024-03-15,22.938525000000002,gap_objective_capped,9,0.9675450000000012,0.9631508040000012,0.04383740752574538,0.7236403281792371,0.7236403281792371,0.9690200000000004,0.3309800000000003,optimization
signal:b03007418fd406a51eb8,range_expansion_lfd_buffer_0p00atr,daily_range_expansion_analogue,0.0,SLV,long,2024-03-04,40,baseline_20_40_60,validation,closed,2024-03-05,21.97098,20.64,23.30196,24.63294,2024-03-20,0.4,2024-03-26,22.713421608,loose_high_water_giveback,16,0.742441608,0.738047412,0.03359192043322601,0.5545142766983725,0.5545142766983725,1.4790199999999984,0.3309800000000003,optimization
signal:b03007418fd406a51eb8,rectangle_height_lfd_buffer_0p10atr,rectangle_height,0.1,SLV,long,2024-03-04,40,baseline_20_40_60,validation,closed,2024-03-05,21.97098,20.60214285714286,,22.95,,0.0,2024-03-15,22.938525000000002,gap_objective_capped,9,0.9675450000000012,0.9631508040000012,0.04383740752574538,0.7036270231458205,0.7036270231458205,0.9690200000000004,0.3309800000000003,optimization
signal:b03007418fd406a51eb8,range_expansion_lfd_buffer_0p10atr,daily_range_expansion_analogue,0.1,SLV,long,2024-03-04,40,baseline_20_40_60,validation,closed,2024-03-05,21.97098,20.60214285714286,23.339817142857143,24.708654285714285,2024-03-20,0.4,2024-03-26,22.728556893714284,loose_high_water_giveback,16,0.7575768937142833,0.7531826977142833,0.034280796656056454,0.5502354327865346,0.5502354327865346,1.4790199999999984,0.3309800000000003,optimization
signal:57a51044df0a72dbbc2d,rectangle_height_lfd_buffer_0p00atr,rectangle_height,0.0,MSFT,long,2024-03-14,20,baseline_20_40_60,validation,closed,2024-03-15,419.499645,411.45,,435.40500000000003,,0.0,2024-04-12,421.68905,trade_horizon,20,2.189405000000022,2.105505071000022,0.005019086657391622,0.26156495982121225,0.26156495982121225,11.320355000000006,6.709644999999966,optimization
signal:57a51044df0a72dbbc2d,range_expansion_lfd_buffer_0p00atr,daily_range_expansion_analogue,0.0,MSFT,long,2024-03-14,20,baseline_20_40_60,validation,closed,2024-03-15,419.499645,411.45,427.54929,435.598935,2024-03-21,0.4,2024-03-26,423.79771114199997,loose_high_water_giveback,8,4.298066141999982,4.214166212999982,0.010045696732353568,0.5235219954420328,0.5235219954420328,11.320355000000006,6.709644999999966,optimization
signal:57a51044df0a72dbbc2d,rectangle_height_lfd_buffer_0p10atr,rectangle_height,0.1,MSFT,long,2024-03-14,20,baseline_20_40_60,validation,closed,2024-03-15,419.499645,410.7642142857143,,435.40500000000003,,0.0,2024-04-12,421.68905,trade_horizon,20,2.189405000000022,2.105505071000022,0.005019086657391622,0.24103048148006367,0.24103048148006367,11.320355000000006,6.709644999999966,optimization
signal:57a51044df0a72dbbc2d,range_expansion_lfd_buffer_0p10atr,daily_range_expansion_analogue,0.1,MSFT,long,2024-03-14,20,baseline_20_40_60,validation,closed,2024-03-15,419.499645,410.7642142857143,428.2350757142857,436.9705064285714,2024-03-21,0.4,2024-03-26,424.07188827057143,loose_high_water_giveback,8,4.572243270571448,4.488343341571448,0.01069927804485138,0.5138090482740959,0.5138090482740959,11.320355000000006,6.709644999999966,optimization
signal:3d0d7b73339e6fc85401,rectangle_height_lfd_buffer_0p00atr,rectangle_height,0.0,DIA,long,2024-03-20,20,baseline_20_40_60,validation,closed,2024-03-21,396.508155,387.47,,399.86,,0.0,2024-04-04,387.276265,stop,10,-9.231889999999964,-9.311191630999964,-0.023482976361482312,-1.0302093326569421,-1.0302093326569421,2.3118450000000053,10.908154999999965,optimization
signal:3d0d7b73339e6fc85401,range_expansion_lfd_buffer_0p00atr,daily_range_expansion_analogue,0.0,DIA,long,2024-03-20,20,baseline_20_40_60,validation,closed,2024-03-21,396.508155,387.47,405.54630999999995,414.5844649999999,,0.4,2024-04-04,387.276265,stop,10,-9.231889999999964,-9.311191630999964,-0.023482976361482312,-1.0302093326569421,-1.0302093326569421,2.3118450000000053,10.908154999999965,optimization
signal:3d0d7b73339e6fc85401,rectangle_height_lfd_buffer_0p10atr,rectangle_height,0.1,DIA,long,2024-03-20,20,baseline_20_40_60,validation,closed,2024-03-21,396.508155,387.15228571428577,,399.86,,0.0,2024-04-04,386.95870957142864,stop,10,-9.549445428571346,-9.628747059571346,-0.02428385630447209,-1.0291664799415048,-1.0291664799415048,2.3118450000000053,10.908154999999965,optimization
signal:3d0d7b73339e6fc85401,range_expansion_lfd_buffer_0p10atr,daily_range_expansion_analogue,0.1,DIA,long,2024-03-20,20,baseline_20_40_60,validation,closed,2024-03-21,396.508155,387.15228571428577,405.8640242857142,415.21989357142843,,0.4,2024-04-04,386.95870957142864,stop,10,-9.549445428571346,-9.628747059571346,-0.02428385630447209,-1.0291664799415048,-1.0291664799415048,2.3118450000000053,10.908154999999965,optimization
signal:0e5bfa2c31eecf085ce1,rectangle_height_lfd_buffer_0p00atr,rectangle_height,0.0,GS,long,2024-03-21,20,baseline_20_40_60,validation,no_trade,,,386.0,,408.24,,0.0,,,entry_open_at_or_beyond_objective,0,,,,,0.0,,,optimization
signal:0e5bfa2c31eecf085ce1,range_expansion_lfd_buffer_0p00atr,daily_range_expansion_analogue,0.0,GS,long,2024-03-21,20,baseline_20_40_60,validation,closed,2024-03-22,414.6072,386.0,443.21439999999996,471.82159999999993,,0.4,2024-04-19,403.798,trade_horizon,20,-10.809199999999976,-10.892121439999976,-0.02627094136329513,-0.38074755446181324,-0.38074755446181324,4.592800000000011,27.487199999999973,optimization
signal:0e5bfa2c31eecf085ce1,rectangle_height_lfd_buffer_0p10atr,rectangle_height,0.1,GS,long,2024-03-21,20,baseline_20_40_60,validation,no_trade,,,385.2334285714286,,408.24,,0.0,,,entry_open_at_or_beyond_objective,0,,,,,0.0,,,optimization
signal:0e5bfa2c31eecf085ce1,range_expansion_lfd_buffer_0p10atr,daily_range_expansion_analogue,0.1,GS,long,2024-03-21,20,baseline_20_40_60,validation,closed,2024-03-22,414.6072,385.2334285714286,443.98097142857137,473.35474285714275,,0.4,2024-04-19,403.798,trade_horizon,20,-10.809199999999976,-10.892121439999976,-0.02627094136329513,-0.37081113218595374,-0.37081113218595374,4.592800000000011,27.487199999999973,optimization
signal:6f76bdd147886558ce42,rectangle_height_lfd_buffer_0p00atr,rectangle_height,0.0,SBUX,short,2024-04-02,20,baseline_20_40_60,validation,closed,2024-04-03,89.5552,92.07,,87.13499999999999,,0.0,2024-04-05,87.17856749999999,objective,3,2.3766325000000137,2.3587214600000137,0.02633818538733668,0.9379360028630584,0.9379360028630584,2.725200000000001,0.28480000000000416,optimization
signal:6f76bdd147886558ce42,range_expansion_lfd_buffer_0p00atr,daily_range_expansion_analogue,0.0,SBUX,short,2024-04-02,20,baseline_20_40_60,validation,closed,2024-04-03,89.5552,92.07,87.0404,84.52560000000001,2024-04-05,0.4,2024-04-12,85.57428576,target_2,8,3.980914240000004,3.963003200000004,0.04425207246480388,1.575872117066969,1.575872117066969,5.265199999999993,0.28480000000000416,optimization
signal:6f76bdd147886558ce42,rectangle_height_lfd_buffer_0p10atr,rectangle_height,0.1,SBUX,short,2024-04-02,20,baseline_20_40_60,validation,closed,2024-04-03,89.5552,92.20071428571428,,87.13499999999999,,0.0,2024-04-05,87.17856749999999,objective,3,2.3766325000000137,2.3587214600000137,0.02633818538733668,0.8915927888717345,0.8915927888717345,2.725200000000001,0.28480000000000416,optimization
signal:6f76bdd147886558ce42,range_expansion_lfd_buffer_0p10atr,daily_range_expansion_analogue,0.1,SBUX,short,2024-04-02,20,baseline_20_40_60,validation,closed,2024-04-03,89.5552,92.20071428571428,86.90968571428571,84.26417142857143,2024-04-05,0.4,2024-04-24,88.05788122285713,loose_high_water_giveback,16,1.4973187771428655,1.4794077371428656,0.016519506819736494,0.5592136640998814,0.5592136640998814,5.265199999999993,0.28480000000000416,optimization
signal:891d93d9f40435a268d7,rectangle_height_lfd_buffer_0p00atr,rectangle_height,0.0,XLK,short,2024-04-15,20,baseline_20_40_60,validation,closed,2024-04-16,100.92951000000001,103.64,,98.96000000000001,,0.0,2024-04-18,99.00948,objective,3,1.9200300000000112,1.8998440980000113,0.018823474898471332,0.7009227475474974,0.7009227475474974,2.73951000000001,0.5704899999999924,optimization
signal:891d93d9f40435a268d7,range_expansion_lfd_buffer_0p00atr,daily_range_expansion_analogue,0.0,XLK,short,2024-04-15,20,baseline_20_40_60,validation,closed,2024-04-16,100.92951000000001,103.64,98.21902000000001,95.50853000000002,2024-04-18,0.4,2024-04-26,99.289227804,loose_high_water_giveback,9,1.6402821960000011,1.6200962940000012,0.016051760223546128,0.5977134370538189,0.5977134370538189,4.909510000000012,0.5704899999999924,optimization
signal:891d93d9f40435a268d7,rectangle_height_lfd_buffer_0p10atr,rectangle_height,0.1,XLK,short,2024-04-15,20,baseline_20_40_60,validation,closed,2024-04-16,100.92951000000001,103.79157142857143,,98.96000000000001,,0.0,2024-04-18,99.00948,objective,3,1.9200300000000112,1.8998440980000113,0.018823474898471332,0.663802697955475,0.663802697955475,2.73951000000001,0.5704899999999924,optimization
signal:891d93d9f40435a268d7,range_expansion_lfd_buffer_0p10atr,daily_range_expansion_analogue,0.1,XLK,short,2024-04-15,20,baseline_20_40_60,validation,closed,2024-04-16,100.92951000000001,103.79157142857143,98.06744857142859,95.20538714285716,2024-04-19,0.4,2024-04-26,99.22856891828572,loose_high_water_giveback,9,1.7009410817142907,1.6807551797142908,0.016652762702546467,0.5872533562472234,0.5872533562472234,4.909510000000012,0.5704899999999924,optimization
signal:2bad92aa0fcd1561f06e,rectangle_height_lfd_buffer_0p00atr,rectangle_height,0.0,XLY,short,2024-04-15,40,baseline_20_40_60,validation,closed,2024-04-16,86.586685,90.34,,85.08,,0.0,2024-04-19,85.12253999999999,objective,4,1.4641450000000162,1.4468276630000163,0.016709586040856237,0.3854799458611963,0.3854799458611963,2.0466849999999965,0.5033150000000006,optimization
signal:2bad92aa0fcd1561f06e,range_expansion_lfd_buffer_0p00atr,daily_range_expansion_analogue,0.0,XLY,short,2024-04-15,40,baseline_20_40_60,validation,closed,2024-04-16,86.586685,90.34,82.83337,79.080055,,0.4,2024-05-13,88.98446999999999,trade_horizon,20,-2.3977849999999847,-2.415102336999985,-0.027892306270877385,-0.6434584725769046,-0.6434584725769046,2.136685,3.553314999999998,optimization
signal:2bad92aa0fcd1561f06e,rectangle_height_lfd_buffer_0p10atr,rectangle_height,0.1,XLY,short,2024-04-15,40,baseline_20_40_60,validation,closed,2024-04-16,86.586685,90.46192857142857,,85.08,,0.0,2024-04-19,85.12253999999999,objective,4,1.4641450000000162,1.4468276630000163,0.016709586040856237,0.3733514129710969,0.3733514129710969,2.0466849999999965,0.5033150000000006,optimization
signal:2bad92aa0fcd1561f06e,range_expansion_lfd_buffer_0p10atr,daily_range_expansion_analogue,0.1,XLY,short,2024-04-15,40,baseline_20_40_60,validation,closed,2024-04-16,86.586685,90.46192857142857,82.71144142857143,78.83619785714286,,0.4,2024-05-13,88.98446999999999,trade_horizon,20,-2.3977849999999847,-2.415102336999985,-0.027892306270877385,-0.6232130426087467,-0.6232130426087467,2.136685,3.553314999999998,optimization
signal:348b66f220b71bdc9833,rectangle_height_lfd_buffer_0p00atr,rectangle_height,0.0,NFLX,short,2024-04-19,20,baseline_20_40_60,validation,no_trade,,,62.13,,57.175,,0.0,,,entry_open_at_or_beyond_objective,0,,,,,0.0,,,optimization
signal:348b66f220b71bdc9833,range_expansion_lfd_buffer_0p00atr,daily_range_expansion_analogue,0.0,NFLX,short,2024-04-19,20,baseline_20_40_60,validation,closed,2024-04-22,55.042465,62.13,47.95493,40.867394999999995,,0.4,2024-05-10,62.161065,stop,15,-7.118600000000001,-7.129608493000001,-0.12952923698093827,-1.0059362659937479,-1.0059362659937479,0.8424649999999971,7.357534999999999,optimization
signal:348b66f220b71bdc9833,rectangle_height_lfd_buffer_0p10atr,rectangle_height,0.1,NFLX,short,2024-04-19,20,baseline_20_40_60,validation,no_trade,,,62.285428571428575,,57.175,,0.0,,,entry_open_at_or_beyond_objective,0,,,,,0.0,,,optimization
signal:348b66f220b71bdc9833,range_expansion_lfd_buffer_0p10atr,daily_range_expansion_analogue,0.1,NFLX,short,2024-04-19,20,baseline_20_40_60,validation,closed,2024-04-22,55.042465,62.285428571428575,47.799501428571425,40.55653785714285,,0.4,2024-05-10,62.31657128571429,stop,15,-7.274106285714289,-7.28511477871429,-0.1323544426782901,-1.0058196077986625,-1.0058196077986625,0.8424649999999971,7.357534999999999,optimization
signal:cc04536832ae36d1d9c2,rectangle_height_lfd_buffer_0p00atr,rectangle_height,0.0,MSFT,short,2024-04-30,60,baseline_20_40_60,validation,closed,2024-05-01,392.413695,406.32,,366.1600000000001,,0.0,2024-05-03,406.52315999999996,stop,3,-14.109464999999943,-14.187947738999943,-0.03615558763564544,-1.0202528809054576,-1.0202528809054576,2.103695000000016,14.736304999999959,optimization
signal:cc04536832ae36d1d9c2,range_expansion_lfd_buffer_0p00atr,daily_range_expansion_analogue,0.0,MSFT,short,2024-04-30,60,baseline_20_40_60,validation,closed,2024-05-01,392.413695,406.32,378.50739000000004,364.60108500000007,,0.4,2024-05-03,406.52315999999996,stop,3,-14.109464999999943,-14.187947738999943,-0.03615558763564544,-1.0202528809054576,-1.0202528809054576,2.103695000000016,14.736304999999959,optimization
signal:cc04536832ae36d1d9c2,rectangle_height_lfd_buffer_0p10atr,rectangle_height,0.1,MSFT,short,2024-04-30,60,baseline_20_40_60,validation,closed,2024-05-01,392.413695,407.2217857142857,,366.1600000000001,,0.0,2024-05-06,408.96437999999995,gap_stop,4,-16.55068499999993,-16.62916773899993,-0.04237662434028947,-1.1229785162618837,-1.1229785162618837,2.103695000000016,14.736304999999959,optimization
signal:cc04536832ae36d1d9c2,range_expansion_lfd_buffer_0p10atr,daily_range_expansion_analogue,0.1,MSFT,short,2024-04-30,60,baseline_20_40_60,validation,closed,2024-05-01,392.413695,407.2217857142857,377.6056042857143,362.7975135714286,,0.4,2024-05-06,408.96437999999995,gap_stop,4,-16.55068499999993,-16.62916773899993,-0.04237662434028947,-1.1229785162618837,-1.1229785162618837,2.103695000000016,14.736304999999959,optimization
signal:8347ad2147ae83ad5895,rectangle_height_lfd_buffer_0p00atr,rectangle_height,0.0,ABNB,short,2024-05-09,20,baseline_20_40_60,validation,closed,2024-05-10,147.676125,158.62,,142.01999999999998,,0.0,2024-05-23,142.09100999999998,objective,10,5.58511500000003,5.55557977500003,0.037620026764651565,0.507642839030968,0.507642839030968,6.85612500000002,1.7238749999999925,optimization
signal:8347ad2147ae83ad5895,range_expansion_lfd_buffer_0p00atr,daily_range_expansion_analogue,0.0,ABNB,short,2024-05-09,20,baseline_20_40_60,validation,closed,2024-05-10,147.676125,158.62,136.73225000000002,125.78837500000003,,0.4,2024-06-07,146.73333,trade_horizon,20,0.942795000000018,0.913259775000018,0.006184207332092563,0.08344939749403375,0.08344939749403375,6.85612500000002,1.7238749999999925,optimization
signal:8347ad2147ae83ad5895,rectangle_height_lfd_buffer_0p10atr,rectangle_height,0.1,ABNB,short,2024-05-09,20,baseline_20_40_60,validation,closed,2024-05-10,147.676125,159.0577142857143,,142.01999999999998,,0.0,2024-05-23,142.09100999999998,objective,10,5.58511500000003,5.55557977500003,0.037620026764651565,0.4881198605517396,0.4881198605517396,6.85612500000002,1.7238749999999925,optimization
signal:8347ad2147ae83ad5895,range_expansion_lfd_buffer_0p10atr,daily_range_expansion_analogue,0.1,ABNB,short,2024-05-09,20,baseline_20_40_60,validation,closed,2024-05-10,147.676125,159.0577142857143,136.29453571428573,124.91294642857144,,0.4,2024-06-07,146.73333,trade_horizon,20,0.942795000000018,0.913259775000018,0.006184207332092563,0.08024009231701104,0.08024009231701104,6.85612500000002,1.7238749999999925,optimization
signal:e2df521d1a2804e5af81,rectangle_height_lfd_buffer_0p00atr,rectangle_height,0.0,META,long,2024-06-05,20,baseline_20_40_60,validation,closed,2024-06-06,493.22649,473.23,,502.55,,0.0,2024-06-06,502.29872500000005,objective,1,9.072235000000035,8.973589702000035,0.01819364913267338,0.448758242171503,0.448758242171503,9.59350999999998,2.336490000000026,optimization
signal:e2df521d1a2804e5af81,range_expansion_lfd_buffer_0p00atr,daily_range_expansion_analogue,0.0,META,long,2024-06-05,20,baseline_20_40_60,validation,closed,2024-06-06,493.22649,473.23,513.22298,533.21947,2024-06-12,0.4,2024-06-21,500.97447345700004,breakeven_stop,11,7.747983457000032,7.649338159000032,0.015508773989410082,0.3825340426744911,0.3825340426744911,20.78350999999998,3.0564899999999966,optimization
signal:e2df521d1a2804e5af81,rectangle_height_lfd_buffer_0p10atr,rectangle_height,0.1,META,long,2024-06-05,20,baseline_20_40_60,validation,closed,2024-06-06,493.22649,472.2982142857143,,502.55,,0.0,2024-06-06,502.29872500000005,objective,1,9.072235000000035,8.973589702000035,0.01819364913267338,0.4287782626962737,0.4287782626962737,9.59350999999998,2.336490000000026,optimization
signal:e2df521d1a2804e5af81,range_expansion_lfd_buffer_0p10atr,daily_range_expansion_analogue,0.1,META,long,2024-06-05,20,baseline_20_40_60,validation,closed,2024-06-06,493.22649,472.2982142857143,514.1547657142858,535.0830414285714,2024-06-27,0.4,2024-07-01,501.34700138557145,breakeven_stop,17,8.120511385571433,8.021866087571434,0.01626406174488202,0.38330277167056287,0.38330277167056287,29.653509999999983,3.0564899999999966,optimization
signal:49033be17741b08588ff,rectangle_height_lfd_buffer_0p00atr,rectangle_height,0.0,HD,long,2024-06-18,40,baseline_20_40_60,validation,closed,2024-06-20,352.176,344.4,,376.95,,0.0,2024-06-25,344.2278,stop,4,-7.948199999999986,-8.018635199999986,-0.02276882922175272,-1.03120308641975,-1.03120308641975,5.51400000000001,17.646000000000015,optimization
signal:49033be17741b08588ff,range_expansion_lfd_buffer_0p00atr,daily_range_expansion_analogue,0.0,HD,long,2024-06-18,40,baseline_20_40_60,validation,closed,2024-06-20,352.176,344.4,359.952,367.728,,0.4,2024-06-25,344.2278,stop,4,-7.948199999999986,-8.018635199999986,-0.02276882922175272,-1.03120308641975,-1.03120308641975,5.51400000000001,17.646000000000015,optimization
signal:49033be17741b08588ff,rectangle_height_lfd_buffer_0p10atr,rectangle_height,0.1,HD,long,2024-06-18,40,baseline_20_40_60,validation,closed,2024-06-20,352.176,343.7572857142857,,376.95,,0.0,2024-06-25,343.58540707142856,stop,4,-8.590592928571425,-8.661028128571425,-0.02459289709852865,-1.0287827611952922,-1.0287827611952922,5.51400000000001,17.646000000000015,optimization
signal:49033be17741b08588ff,range_expansion_lfd_buffer_0p10atr,daily_range_expansion_analogue,0.1,HD,long,2024-06-18,40,baseline_20_40_60,validation,closed,2024-06-20,352.176,343.7572857142857,360.5947142857143,369.0134285714286,,0.4,2024-06-25,343.58540707142856,stop,4,-8.590592928571425,-8.661028128571425,-0.02459289709852865,-1.0287827611952922,-1.0287827611952922,5.51400000000001,17.646000000000015,optimization
signal:1c9c7c72bb6a2dff822d,rectangle_height_lfd_buffer_0p00atr,rectangle_height,0.0,V,short,2024-06-27,20,baseline_20_40_60,validation,closed,2024-06-28,267.0664,274.46,,256.69999999999993,,0.0,2024-07-24,256.82834999999994,gap_objective_capped,18,10.238050000000044,10.184636720000045,0.038135223000722085,1.3774936052802498,1.3774936052802498,8.556399999999996,6.553600000000017,optimization
signal:1c9c7c72bb6a2dff822d,range_expansion_lfd_buffer_0p00atr,daily_range_expansion_analogue,0.0,V,short,2024-06-27,20,baseline_20_40_60,validation,closed,2024-06-28,267.0664,274.46,259.6728,252.2792,2024-07-10,0.4,2024-07-12,264.24101448,breakeven_stop,10,2.8253855199999975,2.7719722399999975,0.010379337273427124,0.3749150941354686,0.3749150941354686,8.556399999999996,4.37360000000001,optimization
signal:1c9c7c72bb6a2dff822d,rectangle_height_lfd_buffer_0p10atr,rectangle_height,0.1,V,short,2024-06-27,20,baseline_20_40_60,validation,closed,2024-06-28,267.0664,274.83792857142856,,256.69999999999993,,0.0,2024-07-24,256.82834999999994,gap_objective_capped,18,10.238050000000044,10.184636720000045,0.038135223000722085,1.3105062442211273,1.3105062442211273,8.556399999999996,6.553600000000017,optimization
signal:1c9c7c72bb6a2dff822d,range_expansion_lfd_buffer_0p10atr,daily_range_expansion_analogue,0.1,V,short,2024-06-27,20,baseline_20_40_60,validation,closed,2024-06-28,267.0664,274.83792857142856,259.2948714285714,251.52334285714284,2024-07-10,0.4,2024-07-12,264.08976746571426,breakeven_stop,10,2.976632534285727,2.923219254285727,0.010945664652257743,0.37614469629986524,0.37614469629986524,8.556399999999996,4.37360000000001,optimization
signal:09dd4ee7ae488a5457db,rectangle_height_lfd_buffer_0p00atr,rectangle_height,0.0,XLI,short,2024-07-01,20,baseline_20_40_60,validation,closed,2024-07-02,120.31981,122.96,,118.365,,0.0,2024-07-11,123.02147999999998,stop,7,-2.7016699999999787,-2.7257339619999787,-0.0226540746864542,-1.0324006840416748,-1.0324006840416748,0.06981000000000392,3.5901899999999927,optimization
signal:09dd4ee7ae488a5457db,range_expansion_lfd_buffer_0p00atr,daily_range_expansion_analogue,0.0,XLI,short,2024-07-01,20,baseline_20_40_60,validation,closed,2024-07-02,120.31981,122.96,117.67962000000001,115.03943000000002,,0.4,2024-07-11,123.02147999999998,stop,7,-2.7016699999999787,-2.7257339619999787,-0.0226540746864542,-1.0324006840416748,-1.0324006840416748,0.06981000000000392,3.5901899999999927,optimization
signal:09dd4ee7ae488a5457db,rectangle_height_lfd_buffer_0p10atr,rectangle_height,0.1,XLI,short,2024-07-01,20,baseline_20_40_60,validation,closed,2024-07-02,120.31981,123.10564285714285,,118.365,,0.0,2024-07-11,123.16719567857142,stop,7,-2.8473856785714133,-2.8714496405714134,-0.023865144406157335,-1.0307329218294783,-1.0307329218294783,0.06981000000000392,3.5901899999999927,optimization
signal:09dd4ee7ae488a5457db,range_expansion_lfd_buffer_0p10atr,daily_range_expansion_analogue,0.1,XLI,short,2024-07-01,20,baseline_20_40_60,validation,closed,2024-07-02,120.31981,123.10564285714285,117.53397714285715,114.7481442857143,,0.4,2024-07-11,123.16719567857142,stop,7,-2.8473856785714133,-2.8714496405714134,-0.023865144406157335,-1.0307329218294783,-1.0307329218294783,0.06981000000000392,3.5901899999999927,optimization
signal:9a4905ac5313c5c1502e,rectangle_height_lfd_buffer_0p00atr,rectangle_height,0.0,AMD,long,2024-07-05,20,baseline_20_40_60,validation,closed,2024-07-08,174.98745,162.51,,179.77999999999997,,0.0,2024-07-09,179.69010999999998,objective,2,4.70265999999998,4.66766250999998,0.02667427012622894,0.3740878552909431,0.3740878552909431,5.422550000000001,1.7674499999999966,optimization
signal:9a4905ac5313c5c1502e,range_expansion_lfd_buffer_0p00atr,daily_range_expansion_analogue,0.0,AMD,long,2024-07-05,20,baseline_20_40_60,validation,closed,2024-07-08,174.98745,162.51,187.4649,199.94235,,0.4,2024-07-17,162.428745,stop,8,-12.558705000000003,-12.593702490000004,-0.07196917544658205,-1.0093170070807735,-1.0093170070807735,12.292550000000006,15.617449999999991,optimization
signal:9a4905ac5313c5c1502e,rectangle_height_lfd_buffer_0p10atr,rectangle_height,0.1,AMD,long,2024-07-05,20,baseline_20_40_60,validation,closed,2024-07-08,174.98745,161.9265714285714,,179.77999999999997,,0.0,2024-07-09,179.69010999999998,objective,2,4.70265999999998,4.66766250999998,0.02667427012622894,0.3573773758383112,0.3573773758383112,5.422550000000001,1.7674499999999966,optimization
signal:9a4905ac5313c5c1502e,range_expansion_lfd_buffer_0p10atr,daily_range_expansion_analogue,0.1,AMD,long,2024-07-05,20,baseline_20_40_60,validation,closed,2024-07-08,174.98745,161.9265714285714,188.04832857142858,201.10920714285717,,0.4,2024-07-17,161.84560814285712,stop,8,-13.141841857142879,-13.176839347142879,-0.07530162504306954,-1.008878482031673,-1.008878482031673,12.292550000000006,15.617449999999991,optimization
signal:4f63990d3073079366e7,rectangle_height_lfd_buffer_0p00atr,rectangle_height,0.0,ABNB,short,2024-07-25,40,baseline_20_40_60,validation,closed,2024-07-26,141.82905000000002,151.25,,132.425,,0.0,2024-08-02,132.49121250000002,gap_objective_capped,6,9.337837500000006,9.309471690000006,0.06563868043958557,0.9881669778525551,0.9881669778525551,8.929050000000018,0.6009499999999832,optimization
signal:4f63990d3073079366e7,range_expansion_lfd_buffer_0p00atr,daily_range_expansion_analogue,0.0,ABNB,short,2024-07-25,40,baseline_20_40_60,validation,closed,2024-07-26,141.82905000000002,151.25,132.40810000000005,122.98715000000007,2024-08-02,0.4,2024-08-05,126.81890776500005,target_2,7,15.010142234999975,14.981776424999975,0.10563263608548441,1.590261749080508,1.590261749080508,19.76905000000002,0.6009499999999832,optimization
signal:4f63990d3073079366e7,rectangle_height_lfd_buffer_0p10atr,rectangle_height,0.1,ABNB,short,2024-07-25,40,baseline_20_40_60,validation,closed,2024-07-26,141.82905000000002,151.62428571428572,,132.425,,0.0,2024-08-02,132.49121250000002,gap_objective_capped,6,9.337837500000006,9.309471690000006,0.06563868043958557,0.9504081332542886,0.9504081332542886,8.929050000000018,0.6009499999999832,optimization
signal:4f63990d3073079366e7,range_expansion_lfd_buffer_0p10atr,daily_range_expansion_analogue,0.1,ABNB,short,2024-07-25,40,baseline_20_40_60,validation,closed,2024-07-26,141.82905000000002,151.62428571428572,132.03381428571433,122.23857857142863,2024-08-02,0.4,2024-08-05,126.21975119357148,target_2,7,15.60929880642854,15.58093299642854,0.1098571343207089,1.5906644261459468,1.5906644261459468,19.76905000000002,0.6009499999999832,optimization
signal:c9a5c3e5ceb4080aa084,rectangle_height_lfd_buffer_0p00atr,rectangle_height,0.0,XOM,long,2024-10-02,80,80_only,validation,closed,2024-10-03,121.96095,114.96,,131.705,,0.0,2024-10-30,116.63165500000001,trade_horizon,20,-5.329294999999988,-5.353687189999988,-0.043896732437718695,-0.7647086738228362,-0.7647086738228362,4.3790500000000065,5.480949999999993,optimization
signal:c9a5c3e5ceb4080aa084,range_expansion_lfd_buffer_0p00atr,daily_range_expansion_analogue,0.0,XOM,long,2024-10-02,80,80_only,validation,closed,2024-10-03,121.96095,114.96,128.9619,135.96285,,0.4,2024-10-30,116.63165500000001,trade_horizon,20,-5.329294999999988,-5.353687189999988,-0.043896732437718695,-0.7647086738228362,-0.7647086738228362,4.3790500000000065,5.480949999999993,optimization
signal:c9a5c3e5ceb4080aa084,rectangle_height_lfd_buffer_0p10atr,rectangle_height,0.1,XOM,long,2024-10-02,80,80_only,validation,closed,2024-10-03,121.96095,114.7105,,131.705,,0.0,2024-10-30,116.63165500000001,trade_horizon,20,-5.329294999999988,-5.353687189999988,-0.043896732437718695,-0.7383937810756557,-0.7383937810756557,4.3790500000000065,5.480949999999993,optimization
signal:c9a5c3e5ceb4080aa084,range_expansion_lfd_buffer_0p10atr,daily_range_expansion_analogue,0.1,XOM,long,2024-10-02,80,80_only,validation,closed,2024-10-03,121.96095,114.7105,129.2114,136.46185,,0.4,2024-10-30,116.63165500000001,trade_horizon,20,-5.329294999999988,-5.353687189999988,-0.043896732437718695,-0.7383937810756557,-0.7383937810756557,4.3790500000000065,5.480949999999993,optimization
signal:76099ff337b9249acc65,rectangle_height_lfd_buffer_0p00atr,rectangle_height,0.0,UNH,long,2024-11-08,80,80_only,validation,closed,2024-11-11,617.198445,596.15,,662.9650000000001,,0.0,2024-11-14,595.851925,stop,4,-21.34651999999994,-21.469959688999943,-0.03478615324281956,-1.0200259301340278,-1.0200259301340278,13.531555000000026,28.208444999999983,optimization
signal:76099ff337b9249acc65,range_expansion_lfd_buffer_0p00atr,daily_range_expansion_analogue,0.0,UNH,long,2024-11-08,80,80_only,validation,closed,2024-11-11,617.198445,596.15,638.24689,659.295335,,0.4,2024-11-14,595.851925,stop,4,-21.34651999999994,-21.469959688999943,-0.03478615324281956,-1.0200259301340278,-1.0200259301340278,13.531555000000026,28.208444999999983,optimization
signal:76099ff337b9249acc65,rectangle_height_lfd_buffer_0p10atr,rectangle_height,0.1,UNH,long,2024-11-08,80,80_only,validation,closed,2024-11-11,617.198445,594.9519285714285,,662.9650000000001,,0.0,2024-11-14,594.6544526071428,stop,4,-22.54399239285715,-22.66743208185715,-0.036726327270408386,-1.0189205197423679,-1.0189205197423679,13.531555000000026,28.208444999999983,optimization
signal:76099ff337b9249acc65,range_expansion_lfd_buffer_0p10atr,daily_range_expansion_analogue,0.1,UNH,long,2024-11-08,80,80_only,validation,closed,2024-11-11,617.198445,594.9519285714285,639.4449614285714,661.6914778571429,,0.4,2024-11-14,594.6544526071428,stop,4,-22.54399239285715,-22.66743208185715,-0.036726327270408386,-1.0189205197423679,-1.0189205197423679,13.531555000000026,28.208444999999983,optimization
signal:e304ce9c6228be288b81,rectangle_height_lfd_buffer_0p00atr,rectangle_height,0.0,SBUX,long,2024-11-11,40,baseline_20_40_60,validation,closed,2024-11-12,100.18006499999998,96.03,,104.375,,0.0,2024-12-10,98.11092000000001,trade_horizon,20,-2.0691449999999776,-2.0891810129999775,-0.020854258908695834,-0.5034092268434316,-0.5034092268434316,3.1399350000000084,3.950064999999981,optimization
signal:e304ce9c6228be288b81,range_expansion_lfd_buffer_0p00atr,daily_range_expansion_analogue,0.0,SBUX,long,2024-11-11,40,baseline_20_40_60,validation,closed,2024-11-12,100.18006499999998,96.03,104.33012999999997,108.48019499999995,,0.4,2024-12-10,98.11092000000001,trade_horizon,20,-2.0691449999999776,-2.0891810129999775,-0.020854258908695834,-0.5034092268434316,-0.5034092268434316,3.1399350000000084,3.950064999999981,optimization
signal:e304ce9c6228be288b81,rectangle_height_lfd_buffer_0p10atr,rectangle_height,0.1,SBUX,long,2024-11-11,40,baseline_20_40_60,validation,closed,2024-11-12,100.18006499999998,95.81707142857142,,104.375,,0.0,2024-12-10,98.11092000000001,trade_horizon,20,-2.0691449999999776,-2.0891810129999775,-0.020854258908695834,-0.47884118525435365,-0.47884118525435365,3.1399350000000084,3.950064999999981,optimization
signal:e304ce9c6228be288b81,range_expansion_lfd_buffer_0p10atr,daily_range_expansion_analogue,0.1,SBUX,long,2024-11-11,40,baseline_20_40_60,validation,closed,2024-11-12,100.18006499999998,95.81707142857142,104.54305857142855,108.9060521428571,,0.4,2024-12-10,98.11092000000001,trade_horizon,20,-2.0691449999999776,-2.0891810129999775,-0.020854258908695834,-0.47884118525435365,-0.47884118525435365,3.1399350000000084,3.950064999999981,optimization
signal:d139cb8249e71a094720,rectangle_height_lfd_buffer_0p00atr,rectangle_height,0.0,XLK,short,2025-01-13,40,baseline_20_40_60,holdout,closed,2025-01-14,114.40277,117.27,,108.975,,0.0,2025-01-17,117.38866499999999,gap_stop,4,-2.985894999999985,-3.008775553999985,-0.02629984880610832,-1.0493666549247858,-1.0493666549247858,1.432770000000005,2.767229999999998,out_of_sample
signal:d139cb8249e71a094720,range_expansion_lfd_buffer_0p00atr,daily_range_expansion_analogue,0.0,XLK,short,2025-01-13,40,baseline_20_40_60,holdout,closed,2025-01-14,114.40277,117.27,111.53554000000001,108.66831000000002,,0.4,2025-01-17,117.38866499999999,gap_stop,4,-2.985894999999985,-3.008775553999985,-0.02629984880610832,-1.0493666549247858,-1.0493666549247858,1.432770000000005,2.767229999999998,out_of_sample
signal:d139cb8249e71a094720,rectangle_height_lfd_buffer_0p10atr,rectangle_height,0.1,XLK,short,2025-01-13,40,baseline_20_40_60,holdout,closed,2025-01-14,114.40277,117.49792857142857,,108.975,,0.0,2025-01-21,117.55667753571429,stop,5,-3.153907535714282,-3.176788089714282,-0.027768454292796247,-1.0263732911907115,-1.0263732911907115,1.432770000000005,3.9172299999999893,out_of_sample
signal:d139cb8249e71a094720,range_expansion_lfd_buffer_0p10atr,daily_range_expansion_analogue,0.1,XLK,short,2025-01-13,40,baseline_20_40_60,holdout,closed,2025-01-14,114.40277,117.49792857142857,111.30761142857143,108.21245285714286,,0.4,2025-01-21,117.55667753571429,stop,5,-3.153907535714282,-3.176788089714282,-0.027768454292796247,-1.0263732911907115,-1.0263732911907115,1.432770000000005,3.9172299999999893,out_of_sample
signal:89e83b14c09ba9db729a,rectangle_height_lfd_buffer_0p00atr,rectangle_height,0.0,SMH,long,2025-01-22,80,80_only,holdout,closed,2025-01-23,263.15151,255.61,,287.325,,0.0,2025-01-27,242.35876,gap_stop,3,-20.792749999999984,-20.845380301999985,-0.07921436704657324,-2.764085747018846,-2.764085747018846,4.278490000000033,2.531509999999969,out_of_sample
signal:89e83b14c09ba9db729a,range_expansion_lfd_buffer_0p00atr,daily_range_expansion_analogue,0.0,SMH,long,2025-01-22,80,80_only,holdout,closed,2025-01-23,263.15151,255.61,270.69301999999993,278.2345299999999,,0.4,2025-01-27,242.35876,gap_stop,3,-20.792749999999984,-20.845380301999985,-0.07921436704657324,-2.764085747018846,-2.764085747018846,4.278490000000033,2.531509999999969,out_of_sample
signal:89e83b14c09ba9db729a,rectangle_height_lfd_buffer_0p10atr,rectangle_height,0.1,SMH,long,2025-01-22,80,80_only,holdout,closed,2025-01-23,263.15151,254.9304285714286,,287.325,,0.0,2025-01-27,242.35876,gap_stop,3,-20.792749999999984,-20.845380301999985,-0.07921436704657324,-2.535600758016381,-2.535600758016381,4.278490000000033,2.531509999999969,out_of_sample
signal:89e83b14c09ba9db729a,range_expansion_lfd_buffer_0p10atr,daily_range_expansion_analogue,0.1,SMH,long,2025-01-22,80,80_only,holdout,closed,2025-01-23,263.15151,254.9304285714286,271.37259142857135,279.59367285714274,,0.4,2025-01-27,242.35876,gap_stop,3,-20.792749999999984,-20.845380301999985,-0.07921436704657324,-2.535600758016381,-2.535600758016381,4.278490000000033,2.531509999999969,out_of_sample
signal:6862827a12be67433c18,rectangle_height_lfd_buffer_0p00atr,rectangle_height,0.0,NVDA,short,2025-01-27,60,baseline_20_40_60,holdout,closed,2025-01-28,121.74909500000001,148.97,,104.72000000000003,,0.0,2025-02-25,126.69331499999998,trade_horizon,20,-4.944219999999973,-4.968569818999973,-0.04080991172049347,-0.1825277234169832,-0.1825277234169832,8.739095000000006,21.690904999999987,out_of_sample
signal:6862827a12be67433c18,range_expansion_lfd_buffer_0p00atr,daily_range_expansion_analogue,0.0,NVDA,short,2025-01-27,60,baseline_20_40_60,holdout,closed,2025-01-28,121.74909500000001,148.97,94.52819000000002,67.30728500000004,,0.4,2025-02-25,126.69331499999998,trade_horizon,20,-4.944219999999973,-4.968569818999973,-0.04080991172049347,-0.1825277234169832,-0.1825277234169832,8.739095000000006,21.690904999999987,out_of_sample
signal:6862827a12be67433c18,rectangle_height_lfd_buffer_0p10atr,rectangle_height,0.1,NVDA,short,2025-01-27,60,baseline_20_40_60,holdout,closed,2025-01-28,121.74909500000001,149.61328571428572,,104.72000000000003,,0.0,2025-02-25,126.69331499999998,trade_horizon,20,-4.944219999999973,-4.968569818999973,-0.04080991172049347,-0.17831380318727985,-0.17831380318727985,8.739095000000006,21.690904999999987,out_of_sample
signal:6862827a12be67433c18,range_expansion_lfd_buffer_0p10atr,daily_range_expansion_analogue,0.1,NVDA,short,2025-01-27,60,baseline_20_40_60,holdout,closed,2025-01-28,121.74909500000001,149.61328571428572,93.8849042857143,66.02071357142859,,0.4,2025-02-25,126.69331499999998,trade_horizon,20,-4.944219999999973,-4.968569818999973,-0.04080991172049347,-0.17831380318727985,-0.17831380318727985,8.739095000000006,21.690904999999987,out_of_sample
signal:f0db1cba8ca4846ea5eb,rectangle_height_lfd_buffer_0p00atr,rectangle_height,0.0,QQQ,long,2025-02-13,20,baseline_20_40_60,holdout,closed,2025-02-14,536.2679999999999,521.95,,553.6,,0.0,2025-02-24,521.6890250000001,stop,6,-14.578974999999787,-14.686228599999787,-0.02738598723026507,-1.0257178795921162,-1.0257178795921162,4.54200000000003,16.737999999999943,out_of_sample
signal:f0db1cba8ca4846ea5eb,range_expansion_lfd_buffer_0p00atr,daily_range_expansion_analogue,0.0,QQQ,long,2025-02-13,20,baseline_20_40_60,holdout,closed,2025-02-14,536.2679999999999,521.95,550.5859999999998,564.9039999999997,,0.4,2025-02-24,521.6890250000001,stop,6,-14.578974999999787,-14.686228599999787,-0.02738598723026507,-1.0257178795921162,-1.0257178795921162,4.54200000000003,16.737999999999943,out_of_sample
signal:f0db1cba8ca4846ea5eb,rectangle_height_lfd_buffer_0p10atr,rectangle_height,0.1,QQQ,long,2025-02-13,20,baseline_20_40_60,holdout,closed,2025-02-14,536.2679999999999,521.1097857142857,,553.6,,0.0,2025-02-24,520.8492308214286,stop,6,-15.418769178571324,-15.526022778571324,-0.028951984415574537,-1.0242646320948108,-1.0242646320948108,4.54200000000003,16.737999999999943,out_of_sample
signal:f0db1cba8ca4846ea5eb,range_expansion_lfd_buffer_0p10atr,daily_range_expansion_analogue,0.1,QQQ,long,2025-02-13,20,baseline_20_40_60,holdout,closed,2025-02-14,536.2679999999999,521.1097857142857,551.4262142857141,566.5844285714282,,0.4,2025-02-24,520.8492308214286,stop,6,-15.418769178571324,-15.526022778571324,-0.028951984415574537,-1.0242646320948108,-1.0242646320948108,4.54200000000003,16.737999999999943,out_of_sample
signal:b2b97ab0706824c6bfc0,rectangle_height_lfd_buffer_0p00atr,rectangle_height,0.0,ABNB,long,2025-02-14,60,baseline_20_40_60,holdout,no_trade,,,134.09,,153.10999999999996,,0.0,,,entry_open_at_or_beyond_objective,0,,,,,0.0,,,out_of_sample
signal:b2b97ab0706824c6bfc0,range_expansion_lfd_buffer_0p00atr,daily_range_expansion_analogue,0.0,ABNB,long,2025-02-14,60,baseline_20_40_60,holdout,closed,2025-02-18,161.12051999999997,134.09,188.15103999999994,215.1815599999999,,0.4,2025-03-07,134.02295500000002,stop,14,-27.097564999999946,-27.129789103999947,-0.16838196093210195,-1.0036724822163976,-1.0036724822163976,1.4594800000000419,30.750519999999966,out_of_sample
signal:b2b97ab0706824c6bfc0,rectangle_height_lfd_buffer_0p10atr,rectangle_height,0.1,ABNB,long,2025-02-14,60,baseline_20_40_60,holdout,no_trade,,,133.69921428571428,,153.10999999999996,,0.0,,,entry_open_at_or_beyond_objective,0,,,,,0.0,,,out_of_sample
signal:b2b97ab0706824c6bfc0,range_expansion_lfd_buffer_0p10atr,daily_range_expansion_analogue,0.1,ABNB,long,2025-02-14,60,baseline_20_40_60,holdout,closed,2025-02-18,161.12051999999997,133.69921428571428,188.54182571428566,215.96313142857136,,0.4,2025-03-07,133.63236467857143,stop,14,-27.488155321428536,-27.520379425428537,-0.17080617307732462,-1.0036130194592165,-1.0036130194592165,1.4594800000000419,30.750519999999966,out_of_sample
signal:5f949aed0076dd578c5b,rectangle_height_lfd_buffer_0p00atr,rectangle_height,0.0,XLK,short,2025-02-27,60,baseline_20_40_60,holdout,closed,2025-02-28,110.7446,116.59,,103.53,,0.0,2025-03-11,103.58176499999999,objective,8,7.162835000000015,7.140686080000015,0.06447886470310982,1.2215906661648506,1.2215906661648506,7.604600000000005,2.835399999999993,out_of_sample
signal:5f949aed0076dd578c5b,range_expansion_lfd_buffer_0p00atr,daily_range_expansion_analogue,0.0,XLK,short,2025-02-27,60,baseline_20_40_60,holdout,closed,2025-02-28,110.7446,116.59,104.89920000000001,99.05380000000001,2025-03-10,0.4,2025-03-25,107.51541083999999,loose_high_water_giveback,18,3.2291891600000184,3.2070402400000186,0.028958885941165694,0.5486434187566325,0.5486434187566325,7.604600000000005,2.835399999999993,out_of_sample
signal:5f949aed0076dd578c5b,rectangle_height_lfd_buffer_0p10atr,rectangle_height,0.1,XLK,short,2025-02-27,60,baseline_20_40_60,holdout,closed,2025-02-28,110.7446,116.77621428571429,,103.53,,0.0,2025-03-11,103.58176499999999,objective,8,7.162835000000015,7.140686080000015,0.06447886470310982,1.1838764453013082,1.1838764453013082,7.604600000000005,2.835399999999993,out_of_sample
signal:5f949aed0076dd578c5b,range_expansion_lfd_buffer_0p10atr,daily_range_expansion_analogue,0.1,XLK,short,2025-02-27,60,baseline_20_40_60,holdout,closed,2025-02-28,110.7446,116.77621428571429,104.71298571428572,98.68137142857144,2025-03-10,0.4,2025-03-25,107.44088788285714,loose_high_water_giveback,18,3.303712117142865,3.2815631971428654,0.029631812270240403,0.544060518742911,0.544060518742911,7.604600000000005,2.835399999999993,out_of_sample
signal:b78a2d020368f747071d,rectangle_height_lfd_buffer_0p00atr,rectangle_height,0.0,NVDA,short,2025-04-03,20,baseline_20_40_60,holdout,closed,2025-04-04,98.860545,111.98,,85.86500000000001,,0.0,2025-04-09,112.03599,stop,4,-13.175444999999996,-13.195217108999996,-0.13347303627549287,-1.0057747908735533,-1.0057747908735533,12.240544999999997,16.239454999999992,out_of_sample
signal:b78a2d020368f747071d,range_expansion_lfd_buffer_0p00atr,daily_range_expansion_analogue,0.0,NVDA,short,2025-04-03,20,baseline_20_40_60,holdout,closed,2025-04-04,98.860545,111.98,85.74109,72.621635,,0.4,2025-04-09,112.03599,stop,4,-13.175444999999996,-13.195217108999996,-0.13347303627549287,-1.0057747908735533,-1.0057747908735533,12.240544999999997,16.239454999999992,out_of_sample
signal:b78a2d020368f747071d,rectangle_height_lfd_buffer_0p10atr,rectangle_height,0.1,NVDA,short,2025-04-03,20,baseline_20_40_60,holdout,closed,2025-04-04,98.860545,112.45714285714286,,85.86500000000001,,0.0,2025-04-09,112.51337142857142,stop,4,-13.652826428571416,-13.672598537571416,-0.13830187298250698,-1.0055896836272638,-1.0055896836272638,12.240544999999997,16.239454999999992,out_of_sample
signal:b78a2d020368f747071d,range_expansion_lfd_buffer_0p10atr,daily_range_expansion_analogue,0.1,NVDA,short,2025-04-03,20,baseline_20_40_60,holdout,closed,2025-04-04,98.860545,112.45714285714286,85.26394714285715,71.6673492857143,,0.4,2025-04-09,112.51337142857142,stop,4,-13.652826428571416,-13.672598537571416,-0.13830187298250698,-1.0055896836272638,-1.0055896836272638,12.240544999999997,16.239454999999992,out_of_sample
signal:c0344283e280761b5a36,rectangle_height_lfd_buffer_0p00atr,rectangle_height,0.0,GDX,long,2025-07-22,20,baseline_20_40_60,holdout,closed,2025-07-23,54.197085,51.93,,56.08,,0.0,2025-07-30,51.904035,stop,6,-2.293050000000001,-2.303889417000001,-0.04250947107210657,-1.0162342466206602,-1.0162342466206602,0.372914999999999,2.677084999999998,out_of_sample
signal:c0344283e280761b5a36,range_expansion_lfd_buffer_0p00atr,daily_range_expansion_analogue,0.0,GDX,long,2025-07-22,20,baseline_20_40_60,holdout,closed,2025-07-23,54.197085,51.93,56.46417,58.731255000000004,,0.4,2025-07-30,51.904035,stop,6,-2.293050000000001,-2.303889417000001,-0.04250947107210657,-1.0162342466206602,-1.0162342466206602,0.372914999999999,2.677084999999998,out_of_sample
signal:c0344283e280761b5a36,rectangle_height_lfd_buffer_0p10atr,rectangle_height,0.1,GDX,long,2025-07-22,20,baseline_20_40_60,holdout,closed,2025-07-23,54.197085,51.79707142857143,,56.08,,0.0,2025-07-30,51.771172892857145,stop,6,-2.4259121071428567,-2.436751524142857,-0.04496093330744369,-1.015307393737951,-1.015307393737951,0.372914999999999,2.677084999999998,out_of_sample
signal:c0344283e280761b5a36,range_expansion_lfd_buffer_0p10atr,daily_range_expansion_analogue,0.1,GDX,long,2025-07-22,20,baseline_20_40_60,holdout,closed,2025-07-23,54.197085,51.79707142857143,56.597098571428575,58.99711214285715,,0.4,2025-07-30,51.771172892857145,stop,6,-2.4259121071428567,-2.436751524142857,-0.04496093330744369,-1.015307393737951,-1.015307393737951,0.372914999999999,2.677084999999998,out_of_sample
signal:7d1431c6b3407da63317,rectangle_height_lfd_buffer_0p00atr,rectangle_height,0.0,WMT,long,2025-08-04,40,baseline_20_40_60,holdout,closed,2025-08-05,99.71983499999999,97.67,,103.88999999999999,,0.0,2025-08-07,103.838055,objective,3,4.118220000000008,4.098276033000008,0.04109790226788892,1.9993199613627601,1.9993199613627601,4.180165000000017,0.8098349999999925,out_of_sample
signal:7d1431c6b3407da63317,range_expansion_lfd_buffer_0p00atr,daily_range_expansion_analogue,0.0,WMT,long,2025-08-04,40,baseline_20_40_60,holdout,closed,2025-08-05,99.71983499999999,97.67,101.76966999999998,103.81950499999996,2025-08-06,0.4,2025-08-07,102.94807121449998,target_2,3,3.2282362144999865,3.2082922474999864,0.03217306012891003,1.5651465837494267,1.5651465837494267,4.180165000000017,0.8098349999999925,out_of_sample
signal:7d1431c6b3407da63317,rectangle_height_lfd_buffer_0p10atr,rectangle_height,0.1,WMT,long,2025-08-04,40,baseline_20_40_60,holdout,closed,2025-08-05,99.71983499999999,97.55107142857143,,103.88999999999999,,0.0,2025-08-07,103.838055,objective,3,4.118220000000008,4.098276033000008,0.04109790226788892,1.8896831757001937,1.8896831757001937,4.180165000000017,0.8098349999999925,out_of_sample
signal:7d1431c6b3407da63317,range_expansion_lfd_buffer_0p10atr,daily_range_expansion_analogue,0.1,WMT,long,2025-08-04,40,baseline_20_40_60,holdout,closed,2025-08-05,99.71983499999999,97.55107142857143,101.88859857142855,104.0573621428571,2025-08-06,0.4,2025-08-08,103.13826178592853,target_2,4,3.4184267859285455,3.3984828189285454,0.034080309287801626,1.5670139722468586,1.5670139722468586,5.00016500000001,0.8098349999999925,out_of_sample
signal:678606884903ef7e5ce0,rectangle_height_lfd_buffer_0p00atr,rectangle_height,0.0,GDX,long,2025-08-05,40,baseline_20_40_60,holdout,closed,2025-08-06,56.518245,53.16,,59.085,,0.0,2025-08-21,59.0554575,objective,12,2.5372125000000025,2.5259088510000027,0.04469191941469525,0.7521514514277546,0.7521514514277546,3.1717549999999974,0.17824499999999688,out_of_sample
signal:678606884903ef7e5ce0,range_expansion_lfd_buffer_0p00atr,daily_range_expansion_analogue,0.0,GDX,long,2025-08-05,40,baseline_20_40_60,holdout,closed,2025-08-06,56.518245,53.16,59.876490000000004,63.23473500000001,2025-08-22,0.4,2025-09-02,61.8604912815,gap_target_2_capped,19,5.342246281500003,5.330942632500003,0.09432250828913748,1.5874192122671207,1.5874192122671207,6.711754999999997,0.17824499999999688,out_of_sample
signal:678606884903ef7e5ce0,rectangle_height_lfd_buffer_0p10atr,rectangle_height,0.1,GDX,long,2025-08-05,40,baseline_20_40_60,holdout,closed,2025-08-06,56.518245,53.016,,59.085,,0.0,2025-08-21,59.0554575,objective,12,2.5372125000000025,2.5259088510000027,0.04469191941469525,0.7212256284183435,0.7212256284183435,3.1717549999999974,0.17824499999999688,out_of_sample
signal:678606884903ef7e5ce0,range_expansion_lfd_buffer_0p10atr,daily_range_expansion_analogue,0.1,GDX,long,2025-08-05,40,baseline_20_40_60,holdout,closed,2025-08-06,56.518245,53.016,60.02049,63.522735000000004,2025-08-22,0.4,2025-09-02,62.09077608150001,gap_target_2_capped,19,5.57253108150001,5.56122743250001,0.09839702971137922,1.5879035968357458,1.5879035968357458,6.711754999999997,0.17824499999999688,out_of_sample
signal:9c1ff74cd92b3afa2e4e,rectangle_height_lfd_buffer_0p00atr,rectangle_height,0.0,ABNB,short,2025-08-07,60,baseline_20_40_60,holdout,closed,2025-08-08,120.509715,131.29,,110.37,,0.0,2025-09-05,123.871905,trade_horizon,20,-3.3621899999999982,-3.386291942999998,-0.028099742356871377,-0.31411896281035245,-0.31411896281035245,2.3697149999999993,10.600285000000014,out_of_sample
signal:9c1ff74cd92b3afa2e4e,range_expansion_lfd_buffer_0p00atr,daily_range_expansion_analogue,0.0,ABNB,short,2025-08-07,60,baseline_20_40_60,holdout,closed,2025-08-08,120.509715,131.29,109.72943000000001,98.94914500000002,,0.4,2025-09-05,123.871905,trade_horizon,20,-3.3621899999999982,-3.386291942999998,-0.028099742356871377,-0.31411896281035245,-0.31411896281035245,2.3697149999999993,10.600285000000014,out_of_sample
signal:9c1ff74cd92b3afa2e4e,rectangle_height_lfd_buffer_0p10atr,rectangle_height,0.1,ABNB,short,2025-08-07,60,baseline_20_40_60,holdout,closed,2025-08-08,120.509715,131.6105,,110.37,,0.0,2025-09-05,123.871905,trade_horizon,20,-3.3621899999999982,-3.386291942999998,-0.028099742356871377,-0.3050497728764225,-0.3050497728764225,2.3697149999999993,10.600285000000014,out_of_sample
signal:9c1ff74cd92b3afa2e4e,range_expansion_lfd_buffer_0p10atr,daily_range_expansion_analogue,0.1,ABNB,short,2025-08-07,60,baseline_20_40_60,holdout,closed,2025-08-08,120.509715,131.6105,109.40893,98.308145,,0.4,2025-09-05,123.871905,trade_horizon,20,-3.3621899999999982,-3.386291942999998,-0.028099742356871377,-0.3050497728764225,-0.3050497728764225,2.3697149999999993,10.600285000000014,out_of_sample
signal:213d3f61907f8c1313e4,rectangle_height_lfd_buffer_0p00atr,rectangle_height,0.0,XLK,long,2025-09-10,40,baseline_20_40_60,holdout,closed,2025-09-11,135.997965,131.73,,139.53,,0.0,2025-09-19,139.460235,objective,7,3.462270000000018,3.4350704070000178,0.025258248584822705,0.8048497133879998,0.8048497133879998,3.59203500000001,1.6879649999999913,out_of_sample
signal:213d3f61907f8c1313e4,range_expansion_lfd_buffer_0p00atr,daily_range_expansion_analogue,0.0,XLK,long,2025-09-10,40,baseline_20_40_60,holdout,closed,2025-09-11,135.997965,131.73,140.26593,144.533895,2025-09-22,0.4,2025-10-06,142.75529564549998,target_2,18,6.757330645499991,6.730131052499991,0.04948699822456896,1.5768946213242108,1.5768946213242108,8.722035000000005,1.6879649999999913,out_of_sample
signal:213d3f61907f8c1313e4,rectangle_height_lfd_buffer_0p10atr,rectangle_height,0.1,XLK,long,2025-09-10,40,baseline_20_40_60,holdout,closed,2025-09-11,135.997965,131.5435,,139.53,,0.0,2025-09-19,139.460235,objective,7,3.462270000000018,3.4350704070000178,0.025258248584822705,0.7711521825853427,0.7711521825853427,3.59203500000001,1.6879649999999913,out_of_sample
signal:213d3f61907f8c1313e4,range_expansion_lfd_buffer_0p10atr,daily_range_expansion_analogue,0.1,XLK,long,2025-09-10,40,baseline_20_40_60,holdout,closed,2025-09-11,135.997965,131.5435,140.45243,144.906895,2025-09-22,0.4,2025-10-08,143.0535464455,target_2,20,7.055581445499996,7.028381852499996,0.05168005162797838,1.5778285052189203,1.5778285052189203,9.352035,1.6879649999999913,out_of_sample
signal:4980776cad88ebb62a91,rectangle_height_lfd_buffer_0p00atr,rectangle_height,0.0,GS,long,2025-11-12,40,baseline_20_40_60,holdout,closed,2025-11-13,833.4765299999999,788.8,,870.6799999999998,,0.0,2025-11-14,788.4056,stop,2,-45.07092999999986,-45.23762530599986,-0.05427582382673675,-1.0125590619056561,-1.0125590619056561,7.803470000000061,55.47652999999991,out_of_sample
signal:4980776cad88ebb62a91,range_expansion_lfd_buffer_0p00atr,daily_range_expansion_analogue,0.0,GS,long,2025-11-12,40,baseline_20_40_60,holdout,closed,2025-11-13,833.4765299999999,788.8,878.1530599999999,922.8295899999998,,0.4,2025-11-14,788.4056,stop,2,-45.07092999999986,-45.23762530599986,-0.05427582382673675,-1.0125590619056561,-1.0125590619056561,7.803470000000061,55.47652999999991,out_of_sample
signal:4980776cad88ebb62a91,rectangle_height_lfd_buffer_0p10atr,rectangle_height,0.1,GS,long,2025-11-12,40,baseline_20_40_60,holdout,closed,2025-11-13,833.4765299999999,786.823357142857,,870.6799999999998,,0.0,2025-11-14,786.4299454642857,stop,2,-47.04658453571426,-47.21327984171426,-0.056646201953298274,-1.0120057640299516,-1.0120057640299516,7.803470000000061,55.47652999999991,out_of_sample
signal:4980776cad88ebb62a91,range_expansion_lfd_buffer_0p10atr,daily_range_expansion_analogue,0.1,GS,long,2025-11-12,40,baseline_20_40_60,holdout,closed,2025-11-13,833.4765299999999,786.823357142857,880.1297028571428,926.7828757142856,,0.4,2025-11-14,786.4299454642857,stop,2,-47.04658453571426,-47.21327984171426,-0.056646201953298274,-1.0120057640299516,-1.0120057640299516,7.803470000000061,55.47652999999991,out_of_sample
signal:5c014319a7a746e98093,rectangle_height_lfd_buffer_0p00atr,rectangle_height,0.0,TSLA,short,2025-11-13,40,baseline_20_40_60,holdout,closed,2025-11-14,386.10685,442.33,,366.54999999999995,,0.0,2025-12-03,442.55116499999997,stop,13,-56.44431499999996,-56.52153636999996,-0.14638832843809935,-1.0053071798716362,-1.0053071798716362,3.326850000000036,61.81315000000001,out_of_sample
signal:5c014319a7a746e98093,range_expansion_lfd_buffer_0p00atr,daily_range_expansion_analogue,0.0,TSLA,short,2025-11-13,40,baseline_20_40_60,holdout,closed,2025-11-14,386.10685,442.33,329.88370000000003,273.66055000000006,,0.4,2025-12-03,442.55116499999997,stop,13,-56.44431499999996,-56.52153636999996,-0.14638832843809935,-1.0053071798716362,-1.0053071798716362,3.326850000000036,61.81315000000001,out_of_sample
signal:5c014319a7a746e98093,rectangle_height_lfd_buffer_0p10atr,rectangle_height,0.1,TSLA,short,2025-11-13,40,baseline_20_40_60,holdout,closed,2025-11-14,386.10685,444.416,,366.54999999999995,,0.0,2025-12-03,444.63820799999996,stop,13,-58.531357999999955,-58.60857936999995,-0.15179367931441762,-1.00513520382307,-1.00513520382307,3.326850000000036,61.81315000000001,out_of_sample
signal:5c014319a7a746e98093,range_expansion_lfd_buffer_0p10atr,daily_range_expansion_analogue,0.1,TSLA,short,2025-11-13,40,baseline_20_40_60,holdout,closed,2025-11-14,386.10685,444.416,327.7977,269.48855000000003,,0.4,2025-12-03,444.63820799999996,stop,13,-58.531357999999955,-58.60857936999995,-0.15179367931441762,-1.00513520382307,-1.00513520382307,3.326850000000036,61.81315000000001,out_of_sample
signal:177c0de0a2c3294edb77,rectangle_height_lfd_buffer_0p00atr,rectangle_height,0.0,ABNB,short,2025-11-18,40,baseline_20_40_60,holdout,closed,2025-11-19,115.44225,121.33,,103.695,,0.0,2025-12-05,121.390665,stop,12,-5.948414999999997,-5.9715034499999975,-0.05172719216751231,-1.0142250350303597,-1.0142250350303597,4.632249999999999,9.367750000000001,out_of_sample
signal:177c0de0a2c3294edb77,range_expansion_lfd_buffer_0p00atr,daily_range_expansion_analogue,0.0,ABNB,short,2025-11-18,40,baseline_20_40_60,holdout,closed,2025-11-19,115.44225,121.33,109.5545,103.66675000000001,,0.4,2025-12-05,121.390665,stop,12,-5.948414999999997,-5.9715034499999975,-0.05172719216751231,-1.0142250350303597,-1.0142250350303597,4.632249999999999,9.367750000000001,out_of_sample
signal:177c0de0a2c3294edb77,rectangle_height_lfd_buffer_0p10atr,rectangle_height,0.1,ABNB,short,2025-11-18,40,baseline_20_40_60,holdout,closed,2025-11-19,115.44225,121.68642857142856,,103.695,,0.0,2025-12-05,121.74727178571428,stop,12,-6.305021785714274,-6.3281102357142744,-0.05481624133031256,-1.0134415861631114,-1.0134415861631114,4.632249999999999,9.367750000000001,out_of_sample
signal:177c0de0a2c3294edb77,range_expansion_lfd_buffer_0p10atr,daily_range_expansion_analogue,0.1,ABNB,short,2025-11-18,40,baseline_20_40_60,holdout,closed,2025-11-19,115.44225,121.68642857142856,109.19807142857144,102.95389285714288,,0.4,2025-12-05,121.74727178571428,stop,12,-6.305021785714274,-6.3281102357142744,-0.05481624133031256,-1.0134415861631114,-1.0134415861631114,4.632249999999999,9.367750000000001,out_of_sample
signal:3120eddb7ddd882b8c28,rectangle_height_lfd_buffer_0p00atr,rectangle_height,0.0,MSFT,short,2025-11-19,80,80_only,holdout,closed,2025-11-20,492.463645,512.12,,431.03499999999997,,0.0,2025-12-18,484.22199,trade_horizon,20,8.24165499999998,8.14316227099998,0.01653556024627966,0.4142763127243058,0.4142763127243058,27.573645,1.1063550000000077,out_of_sample
signal:3120eddb7ddd882b8c28,range_expansion_lfd_buffer_0p00atr,daily_range_expansion_analogue,0.0,MSFT,short,2025-11-19,80,80_only,holdout,closed,2025-11-20,492.463645,512.12,472.80728999999997,453.15093499999995,2025-11-21,0.4,2025-11-28,484.84340355149993,breakeven_stop,6,7.620241448500053,7.521748719500053,0.015273713696165436,0.3826624376442146,0.3826624376442146,27.573645,1.1063550000000077,out_of_sample
signal:3120eddb7ddd882b8c28,rectangle_height_lfd_buffer_0p10atr,rectangle_height,0.1,MSFT,short,2025-11-19,80,80_only,holdout,closed,2025-11-20,492.463645,513.2847857142857,,431.03499999999997,,0.0,2025-12-18,484.22199,trade_horizon,20,8.24165499999998,8.14316227099998,0.01653556024627966,0.39110067900424045,0.39110067900424045,27.573645,1.1063550000000077,out_of_sample
signal:3120eddb7ddd882b8c28,range_expansion_lfd_buffer_0p10atr,daily_range_expansion_analogue,0.1,MSFT,short,2025-11-19,80,80_only,holdout,closed,2025-11-20,492.463645,513.2847857142857,471.64250428571427,450.82136357142855,2025-11-21,0.4,2025-11-28,484.3772563086428,breakeven_stop,6,8.086388691357172,7.987895962357172,0.016220275432427447,0.3836435319260173,0.3836435319260173,27.573645,1.1063550000000077,out_of_sample
signal:571744b65b4bdf76fed9,rectangle_height_lfd_buffer_0p00atr,rectangle_height,0.0,JPM,long,2025-12-23,60,baseline_20_40_60,holdout,closed,2025-12-24,326.40312,317.51,,350.93,,0.0,2026-01-13,317.351245,stop,13,-9.051874999999995,-9.117155623999995,-0.02793219508440972,-1.0251920163002393,-1.0251920163002393,10.846879999999999,15.833120000000008,out_of_sample
signal:571744b65b4bdf76fed9,range_expansion_lfd_buffer_0p00atr,daily_range_expansion_analogue,0.0,JPM,long,2025-12-23,60,baseline_20_40_60,holdout,closed,2025-12-24,326.40312,317.51,335.29624,344.18936,2026-01-05,0.4,2026-01-07,329.795387816,breakeven_stop,9,3.3922678160000146,3.3269871920000145,0.010192878033763937,0.3741079836997601,0.3741079836997601,10.846879999999999,5.663119999999992,out_of_sample
signal:571744b65b4bdf76fed9,rectangle_height_lfd_buffer_0p10atr,rectangle_height,0.1,JPM,long,2025-12-23,60,baseline_20_40_60,holdout,closed,2025-12-24,326.40312,316.83385714285714,,350.93,,0.0,2026-01-13,316.67544021428574,stop,13,-9.727679785714258,-9.792960409714258,-0.03000265564163191,-1.0233766754985125,-1.0233766754985125,10.846879999999999,15.833120000000008,out_of_sample
signal:571744b65b4bdf76fed9,range_expansion_lfd_buffer_0p10atr,daily_range_expansion_analogue,0.1,JPM,long,2025-12-23,60,baseline_20_40_60,holdout,closed,2025-12-24,326.40312,316.83385714285714,335.97238285714286,345.5416457142857,2026-01-05,0.4,2026-01-07,330.0657097302857,breakeven_stop,9,3.6625897302856742,3.597309106285674,0.011021062256652676,0.3759233245014799,0.3759233245014799,10.846879999999999,5.663119999999992,out_of_sample
signal:81d9b61a82939b6a5c10,rectangle_height_lfd_buffer_0p00atr,rectangle_height,0.0,CRM,short,2026-01-13,20,baseline_20_40_60,holdout,closed,2026-01-14,239.06041000000002,261.56,,235.95499999999998,,0.0,2026-01-15,236.07297749999998,objective,2,2.9874325000000397,2.9396204180000396,0.012296558924164981,0.13065217712856286,0.13065217712856286,7.390410000000031,3.1795899999999904,out_of_sample
signal:81d9b61a82939b6a5c10,range_expansion_lfd_buffer_0p00atr,daily_range_expansion_analogue,0.0,CRM,short,2026-01-13,20,baseline_20_40_60,holdout,closed,2026-01-14,239.06041000000002,261.56,216.56082000000004,194.06123000000005,2026-01-29,0.4,2026-02-03,203.16259653300006,target_2,14,35.89781346699996,35.85000138499996,0.1499621011484083,1.5933624294931592,1.5933624294931592,45.950410000000005,3.1795899999999904,out_of_sample
signal:81d9b61a82939b6a5c10,rectangle_height_lfd_buffer_0p10atr,rectangle_height,0.1,CRM,short,2026-01-13,20,baseline_20_40_60,holdout,closed,2026-01-14,239.06041000000002,262.1022857142857,,235.95499999999998,,0.0,2026-01-15,236.07297749999998,objective,2,2.9874325000000397,2.9396204180000396,0.012296558924164981,0.12757730553062183,0.12757730553062183,7.390410000000031,3.1795899999999904,out_of_sample
signal:81d9b61a82939b6a5c10,range_expansion_lfd_buffer_0p10atr,daily_range_expansion_analogue,0.1,CRM,short,2026-01-13,20,baseline_20_40_60,holdout,closed,2026-01-14,239.06041000000002,262.1022857142857,216.01853428571434,192.97665857142866,2026-01-29,0.4,2026-02-04,202.2945055615715,target_2,15,36.76590443842852,36.71809235642852,0.15359336310193947,1.5935374711557773,1.5935374711557773,51.78041000000002,3.1795899999999904,out_of_sample
signal:337ed86b6f73a4af74d7,rectangle_height_lfd_buffer_0p00atr,rectangle_height,0.0,DIS,short,2026-01-20,20,baseline_20_40_60,holdout,closed,2026-01-21,110.514715,113.85,,106.98500000000001,,0.0,2026-01-22,113.90692499999999,stop,2,-3.3922099999999915,-3.4143129429999917,-0.030894645504899433,-1.0236945097645307,-1.0236945097645307,0.01471499999999537,3.775285000000011,out_of_sample
signal:337ed86b6f73a4af74d7,range_expansion_lfd_buffer_0p00atr,daily_range_expansion_analogue,0.0,DIS,short,2026-01-20,20,baseline_20_40_60,holdout,closed,2026-01-21,110.514715,113.85,107.17943,103.844145,,0.4,2026-01-22,113.90692499999999,stop,2,-3.3922099999999915,-3.4143129429999917,-0.030894645504899433,-1.0236945097645307,-1.0236945097645307,0.01471499999999537,3.775285000000011,out_of_sample
signal:337ed86b6f73a4af74d7,rectangle_height_lfd_buffer_0p10atr,rectangle_height,0.1,DIS,short,2026-01-20,20,baseline_20_40_60,holdout,closed,2026-01-21,110.514715,114.0647857142857,,106.98500000000001,,0.0,2026-01-22,114.12181810714284,stop,2,-3.607103107142848,-3.629206050142848,-0.0328391205654636,-1.0222911998734823,-1.0222911998734823,0.01471499999999537,3.775285000000011,out_of_sample
signal:337ed86b6f73a4af74d7,range_expansion_lfd_buffer_0p10atr,daily_range_expansion_analogue,0.1,DIS,short,2026-01-20,20,baseline_20_40_60,holdout,closed,2026-01-21,110.514715,114.0647857142857,106.96464428571429,103.41457357142858,,0.4,2026-01-22,114.12181810714284,stop,2,-3.607103107142848,-3.629206050142848,-0.0328391205654636,-1.0222911998734823,-1.0222911998734823,0.01471499999999537,3.775285000000011,out_of_sample
signal:819f3f522b025342a618,rectangle_height_lfd_buffer_0p00atr,rectangle_height,0.0,DIA,long,2026-02-06,20,baseline_20_40_60,holdout,closed,2026-02-09,500.360055,488.23,,507.94499999999994,,0.0,2026-02-23,487.98588500000005,stop,10,-12.374169999999935,-12.474242010999935,-0.02493053129710751,-1.028374727979384,-1.028374727979384,4.939945000000023,13.210055000000011,out_of_sample
signal:819f3f522b025342a618,range_expansion_lfd_buffer_0p00atr,daily_range_expansion_analogue,0.0,DIA,long,2026-02-06,20,baseline_20_40_60,holdout,closed,2026-02-09,500.360055,488.23,512.49011,524.6201649999999,,0.4,2026-02-23,487.98588500000005,stop,10,-12.374169999999935,-12.474242010999935,-0.02493053129710751,-1.028374727979384,-1.028374727979384,4.939945000000023,13.210055000000011,out_of_sample
signal:819f3f522b025342a618,rectangle_height_lfd_buffer_0p10atr,rectangle_height,0.1,DIA,long,2026-02-06,20,baseline_20_40_60,holdout,closed,2026-02-09,500.360055,487.63635714285715,,507.94499999999994,,0.0,2026-02-23,487.39253896428573,stop,10,-12.967516035714254,-13.067588046714254,-0.026116369434634936,-1.0270275350320712,-1.0270275350320712,4.939945000000023,13.210055000000011,out_of_sample
signal:819f3f522b025342a618,range_expansion_lfd_buffer_0p10atr,daily_range_expansion_analogue,0.1,DIA,long,2026-02-06,20,baseline_20_40_60,holdout,closed,2026-02-09,500.360055,487.63635714285715,513.0837528571428,525.8074507142857,,0.4,2026-02-23,487.39253896428573,stop,10,-12.967516035714254,-13.067588046714254,-0.026116369434634936,-1.0270275350320712,-1.0270275350320712,4.939945000000023,13.210055000000011,out_of_sample
signal:7401e8ede0f49f4a3677,rectangle_height_lfd_buffer_0p00atr,rectangle_height,0.0,TLT,long,2026-02-12,40,baseline_20_40_60,holdout,closed,2026-02-13,89.674815,87.94,,90.38499999999999,,0.0,2026-02-27,90.33980749999999,gap_objective_capped,10,0.6649924999999968,0.6470575369999968,0.007215599351947331,0.37298359594538766,0.37298359594538766,0.6451849999999979,0.7448149999999885,out_of_sample
signal:7401e8ede0f49f4a3677,range_expansion_lfd_buffer_0p00atr,daily_range_expansion_analogue,0.0,TLT,long,2026-02-12,40,baseline_20_40_60,holdout,closed,2026-02-13,89.674815,87.94,91.40962999999999,93.14444499999999,,0.4,2026-03-11,87.706125,gap_stop,18,-1.9686899999999952,-1.9866249629999952,-0.022153655549777218,-1.1451509025458035,-1.1451509025458035,1.1851850000000042,1.6548149999999993,out_of_sample
signal:7401e8ede0f49f4a3677,rectangle_height_lfd_buffer_0p10atr,rectangle_height,0.1,TLT,long,2026-02-12,40,baseline_20_40_60,holdout,closed,2026-02-13,89.674815,87.88214285714285,,90.38499999999999,,0.0,2026-02-27,90.33980749999999,gap_objective_capped,10,0.6649924999999968,0.6470575369999968,0.007215599351947331,0.3609458313825991,0.3609458313825991,0.6451849999999979,0.7448149999999885,out_of_sample
signal:7401e8ede0f49f4a3677,range_expansion_lfd_buffer_0p10atr,daily_range_expansion_analogue,0.1,TLT,long,2026-02-12,40,baseline_20_40_60,holdout,closed,2026-02-13,89.674815,87.88214285714285,91.46748714285714,93.26015928571428,,0.4,2026-03-11,87.706125,gap_stop,18,-1.9686899999999952,-1.9866249629999952,-0.022153655549777218,-1.1081920198936837,-1.1081920198936837,1.1851850000000042,1.6548149999999993,out_of_sample
signal:a1df529af2b68a1c957f,rectangle_height_lfd_buffer_0p00atr,rectangle_height,0.0,SPY,short,2026-03-12,60,baseline_20_40_60,holdout,closed,2026-03-13,668.935365,680.08,,643.8100000000002,,0.0,2026-03-27,644.1319050000002,gap_objective_capped,11,24.80345999999986,24.66967292699986,0.03687900837325271,2.2135918248556252,2.2135918248556252,24.21536500000002,5.5046350000000075,out_of_sample
signal:a1df529af2b68a1c957f,range_expansion_lfd_buffer_0p00atr,daily_range_expansion_analogue,0.0,SPY,short,2026-03-12,60,baseline_20_40_60,holdout,closed,2026-03-13,668.935365,680.08,657.79073,646.6460950000001,2026-03-19,0.4,2026-03-20,651.4295009745,target_2,6,17.505864025500045,17.372076952500045,0.025969739172782474,1.5587838410589538,1.5587838410589538,24.21536500000002,5.5046350000000075,out_of_sample
signal:a1df529af2b68a1c957f,rectangle_height_lfd_buffer_0p10atr,rectangle_height,0.1,SPY,short,2026-03-12,60,baseline_20_40_60,holdout,closed,2026-03-13,668.935365,681.0684285714286,,643.8100000000002,,0.0,2026-03-27,644.1319050000002,gap_objective_capped,11,24.80345999999986,24.66967292699986,0.03687900837325271,2.0332600073977183,2.0332600073977183,24.21536500000002,5.5046350000000075,out_of_sample
signal:a1df529af2b68a1c957f,range_expansion_lfd_buffer_0p10atr,daily_range_expansion_analogue,0.1,SPY,short,2026-03-12,60,baseline_20_40_60,holdout,closed,2026-03-13,668.935365,681.0684285714286,656.8023014285715,644.6692378571429,2026-03-19,0.4,2026-03-27,649.8472245173571,gap_target_2_capped,11,19.088140482642984,18.954353409642984,0.028335104408245753,1.5622067170469172,1.5622067170469172,24.21536500000002,5.5046350000000075,out_of_sample
signal:891af34c2f8771adb9c4,rectangle_height_lfd_buffer_0p00atr,rectangle_height,0.0,AVGO,short,2026-03-27,40,baseline_20_40_60,holdout,closed,2026-03-30,300.71956500000005,316.92,,262.97,,0.0,2026-04-07,326.893365,gap_stop,6,-26.17379999999997,-26.233943912999973,-0.0872372368355879,-1.6193357717246495,-1.6193357717246495,10.759565000000066,15.680434999999932,out_of_sample
signal:891af34c2f8771adb9c4,range_expansion_lfd_buffer_0p00atr,daily_range_expansion_analogue,0.0,AVGO,short,2026-03-27,40,baseline_20_40_60,holdout,closed,2026-03-30,300.71956500000005,316.92,284.5191300000001,268.3186950000001,,0.4,2026-04-07,326.893365,gap_stop,6,-26.17379999999997,-26.233943912999973,-0.0872372368355879,-1.6193357717246495,-1.6193357717246495,10.759565000000066,15.680434999999932,out_of_sample
signal:891af34c2f8771adb9c4,rectangle_height_lfd_buffer_0p10atr,rectangle_height,0.1,AVGO,short,2026-03-27,40,baseline_20_40_60,holdout,closed,2026-03-30,300.71956500000005,318.1299285714286,,262.97,,0.0,2026-04-07,326.893365,gap_stop,6,-26.17379999999997,-26.233943912999973,-0.0872372368355879,-1.5068004642965327,-1.5068004642965327,10.759565000000066,15.680434999999932,out_of_sample
signal:891af34c2f8771adb9c4,range_expansion_lfd_buffer_0p10atr,daily_range_expansion_analogue,0.1,AVGO,short,2026-03-27,40,baseline_20_40_60,holdout,closed,2026-03-30,300.71956500000005,318.1299285714286,283.3092014285715,265.89883785714295,,0.4,2026-04-07,326.893365,gap_stop,6,-26.17379999999997,-26.233943912999973,-0.0872372368355879,-1.5068004642965327,-1.5068004642965327,10.759565000000066,15.680434999999932,out_of_sample
signal:f490033655eeb800521b,rectangle_height_lfd_buffer_0p00atr,rectangle_height,0.0,BAC,long,2026-04-06,20,baseline_20_40_60,holdout,closed,2026-04-07,49.82489999999999,47.37,,51.50999999999999,,0.0,2026-04-08,51.484244999999994,gap_objective_capped,2,1.6593450000000018,1.649380020000002,0.033103528958412405,0.6718725895148501,0.6718725895148501,0.6551000000000045,0.20489999999999498,out_of_sample
signal:f490033655eeb800521b,range_expansion_lfd_buffer_0p00atr,daily_range_expansion_analogue,0.0,BAC,long,2026-04-06,20,baseline_20_40_60,holdout,closed,2026-04-07,49.82489999999999,47.37,52.27979999999999,54.73469999999998,2026-04-09,0.4,2026-04-15,53.72586362999999,target_2,7,3.9009636299999997,3.89099865,0.07809345628390625,1.5849927288280614,1.5849927288280614,5.575100000000006,0.20489999999999498,out_of_sample
signal:f490033655eeb800521b,rectangle_height_lfd_buffer_0p10atr,rectangle_height,0.1,BAC,long,2026-04-06,20,baseline_20_40_60,holdout,closed,2026-04-07,49.82489999999999,47.25521428571428,,51.50999999999999,,0.0,2026-04-08,51.484244999999994,gap_objective_capped,2,1.6593450000000018,1.649380020000002,0.033103528958412405,0.6418606021859276,0.6418606021859276,0.6551000000000045,0.20489999999999498,out_of_sample
signal:f490033655eeb800521b,range_expansion_lfd_buffer_0p10atr,daily_range_expansion_analogue,0.1,BAC,long,2026-04-06,20,baseline_20_40_60,holdout,closed,2026-04-07,49.82489999999999,47.25521428571428,52.394585714285704,54.964271428571415,2026-04-09,0.4,2026-04-15,53.90942894428571,target_2,7,4.084528944285715,4.074563964285715,0.08177766466737947,1.5856273557633527,1.5856273557633527,5.575100000000006,0.20489999999999498,out_of_sample
signal:05094919bb059af55ebc,rectangle_height_lfd_buffer_0p00atr,rectangle_height,0.0,AMD,long,2026-04-08,40,baseline_20_40_60,holdout,closed,2026-04-09,233.12650499999998,215.38,,248.11,,0.0,2026-04-10,247.98594500000002,objective,2,14.859440000000035,14.812814699000034,0.06353981371187302,0.8346891232386346,0.8346891232386346,16.453495000000032,2.2165049999999837,out_of_sample
signal:05094919bb059af55ebc,range_expansion_lfd_buffer_0p00atr,daily_range_expansion_analogue,0.0,AMD,long,2026-04-08,40,baseline_20_40_60,holdout,closed,2026-04-09,233.12650499999998,215.38,250.87300999999997,268.619515,2026-04-14,0.4,2026-04-16,261.3901525435,target_2,6,28.263647543500014,28.217022242500015,0.12103738372648798,1.5900044680628687,1.5900044680628687,46.213494999999995,2.2165049999999837,out_of_sample
signal:05094919bb059af55ebc,rectangle_height_lfd_buffer_0p10atr,rectangle_height,0.1,AMD,long,2026-04-08,40,baseline_20_40_60,holdout,closed,2026-04-09,233.12650499999998,214.3192857142857,,248.11,,0.0,2026-04-10,247.98594500000002,objective,2,14.859440000000035,14.812814699000034,0.06353981371187302,0.7876132284080755,0.7876132284080755,16.453495000000032,2.2165049999999837,out_of_sample
signal:05094919bb059af55ebc,range_expansion_lfd_buffer_0p10atr,daily_range_expansion_analogue,0.1,AMD,long,2026-04-08,40,baseline_20_40_60,holdout,closed,2026-04-09,233.12650499999998,214.3192857142857,251.93372428571425,270.7409435714285,2026-04-14,0.4,2026-04-16,263.08644682921425,target_2,6,29.959941829214273,29.913316528214274,0.12831366612824344,1.5905230897656444,1.5905230897656444,46.213494999999995,2.2165049999999837,out_of_sample
signal:87cba3c783e568ceeb0e,rectangle_height_lfd_buffer_0p00atr,rectangle_height,0.0,CRM,short,2026-04-08,40,baseline_20_40_60,holdout,closed,2026-04-09,173.083415,186.58,,157.35500000000002,,0.0,2026-04-17,186.67329,stop,7,-13.589875000000006,-13.624491683000006,-0.07871633271737795,-1.0094769664326195,-1.0094769664326195,9.563414999999992,14.896584999999988,out_of_sample
signal:87cba3c783e568ceeb0e,range_expansion_lfd_buffer_0p00atr,daily_range_expansion_analogue,0.0,CRM,short,2026-04-08,40,baseline_20_40_60,holdout,closed,2026-04-09,173.083415,186.58,159.58683,146.09024499999998,,0.4,2026-04-17,186.67329,stop,7,-13.589875000000006,-13.624491683000006,-0.07871633271737795,-1.0094769664326195,-1.0094769664326195,9.563414999999992,14.896584999999988,out_of_sample
signal:87cba3c783e568ceeb0e,rectangle_height_lfd_buffer_0p10atr,rectangle_height,0.1,CRM,short,2026-04-08,40,baseline_20_40_60,holdout,closed,2026-04-09,173.083415,187.23614285714288,,157.35500000000002,,0.0,2026-04-17,187.32976092857143,stop,7,-14.24634592857143,-14.280962611571429,-0.08250913359648832,-1.0090607800646594,-1.0090607800646594,9.563414999999992,14.896584999999988,out_of_sample
signal:87cba3c783e568ceeb0e,range_expansion_lfd_buffer_0p10atr,daily_range_expansion_analogue,0.1,CRM,short,2026-04-08,40,baseline_20_40_60,holdout,closed,2026-04-09,173.083415,187.23614285714288,158.93068714285712,144.77795928571425,,0.4,2026-04-17,187.32976092857143,stop,7,-14.24634592857143,-14.280962611571429,-0.08250913359648832,-1.0090607800646594,-1.0090607800646594,9.563414999999992,14.896584999999988,out_of_sample
signal:df2cb07e44bad6d181e9,rectangle_height_lfd_buffer_0p00atr,rectangle_height,0.0,ABNB,long,2026-04-15,20,baseline_20_40_60,holdout,closed,2026-04-16,138.939435,130.47,,146.53499999999997,,0.0,2026-04-22,146.46173249999998,objective,5,7.522297499999979,7.4945096129999795,0.0539408384163933,0.8848889699253818,0.8848889699253818,8.310564999999997,2.0294350000000065,out_of_sample
signal:df2cb07e44bad6d181e9,range_expansion_lfd_buffer_0p00atr,daily_range_expansion_analogue,0.0,ABNB,long,2026-04-15,20,baseline_20_40_60,holdout,closed,2026-04-16,138.939435,130.47,147.40887,155.878305,,0.4,2026-05-13,132.903515,trade_horizon,20,-6.035920000000004,-6.063707887000004,-0.04364281376989912,-0.7159518771913358,-0.7159518771913358,8.310564999999997,6.9894350000000145,out_of_sample
signal:df2cb07e44bad6d181e9,rectangle_height_lfd_buffer_0p10atr,rectangle_height,0.1,ABNB,long,2026-04-15,20,baseline_20_40_60,holdout,closed,2026-04-16,138.939435,129.98292857142857,,146.53499999999997,,0.0,2026-04-22,146.46173249999998,objective,5,7.522297499999979,7.4945096129999795,0.0539408384163933,0.836767066798763,0.836767066798763,8.310564999999997,2.0294350000000065,out_of_sample
signal:df2cb07e44bad6d181e9,range_expansion_lfd_buffer_0p10atr,daily_range_expansion_analogue,0.1,ABNB,long,2026-04-15,20,baseline_20_40_60,holdout,closed,2026-04-16,138.939435,129.98292857142857,147.89594142857143,156.85244785714286,,0.4,2026-05-13,132.903515,trade_horizon,20,-6.035920000000004,-6.063707887000004,-0.04364281376989912,-0.6770170864452972,-0.6770170864452972,8.310564999999997,6.9894350000000145,out_of_sample
signal:05953310049d69bd0f8b,rectangle_height_lfd_buffer_0p00atr,rectangle_height,0.0,XLI,long,2026-05-06,20,baseline_20_40_60,holdout,closed,2026-05-07,177.52872,171.2,,180.885,,0.0,2026-05-15,171.1144,stop,7,-6.414320000000004,-6.4498257440000035,-0.03633116795975324,-1.019135898570327,-1.019135898570327,0.1912800000000061,6.598719999999986,out_of_sample
signal:05953310049d69bd0f8b,range_expansion_lfd_buffer_0p00atr,daily_range_expansion_analogue,0.0,XLI,long,2026-05-06,20,baseline_20_40_60,holdout,closed,2026-05-07,177.52872,171.2,183.85744,190.18616,,0.4,2026-05-15,171.1144,stop,7,-6.414320000000004,-6.4498257440000035,-0.03633116795975324,-1.019135898570327,-1.019135898570327,0.1912800000000061,6.598719999999986,out_of_sample
signal:05953310049d69bd0f8b,rectangle_height_lfd_buffer_0p10atr,rectangle_height,0.1,XLI,long,2026-05-06,20,baseline_20_40_60,holdout,closed,2026-05-07,177.52872,170.9035714285714,,180.885,,0.0,2026-05-18,170.81811964285714,stop,8,-6.710600357142852,-6.746106101142852,-0.03800008303525679,-1.0182573308975904,-1.0182573308975904,0.1912800000000061,8.028719999999993,out_of_sample
signal:05953310049d69bd0f8b,range_expansion_lfd_buffer_0p10atr,daily_range_expansion_analogue,0.1,XLI,long,2026-05-06,20,baseline_20_40_60,holdout,closed,2026-05-07,177.52872,170.9035714285714,184.15386857142857,190.77901714285716,,0.4,2026-05-18,170.81811964285714,stop,8,-6.710600357142852,-6.746106101142852,-0.03800008303525679,-1.0182573308975904,-1.0182573308975904,0.1912800000000061,8.028719999999993,out_of_sample
signal:0494bf9131db4623b686,rectangle_height_lfd_buffer_0p00atr,rectangle_height,0.0,COST,long,2026-05-14,60,baseline_20_40_60,holdout,closed,2026-05-15,1049.88468,1001.14,,1106.0900000000001,,0.0,2026-05-26,1000.6394300000001,stop,7,-49.24524999999983,-49.455226935999825,-0.047105389647175186,-1.0145769125164001,-1.0145769125164001,46.61532000000011,53.72467999999992,out_of_sample
signal:0494bf9131db4623b686,range_expansion_lfd_buffer_0p00atr,daily_range_expansion_analogue,0.0,COST,long,2026-05-14,60,baseline_20_40_60,holdout,closed,2026-05-15,1049.88468,1001.14,1098.62936,1147.3740399999997,,0.4,2026-05-26,1000.6394300000001,stop,7,-49.24524999999983,-49.455226935999825,-0.047105389647175186,-1.0145769125164001,-1.0145769125164001,46.61532000000011,53.72467999999992,out_of_sample
signal:0494bf9131db4623b686,rectangle_height_lfd_buffer_0p10atr,rectangle_height,0.1,COST,long,2026-05-14,60,baseline_20_40_60,holdout,closed,2026-05-15,1049.88468,999.1232857142857,,1106.0900000000001,,0.0,2026-05-26,998.6237240714286,stop,7,-51.26095592857132,-51.47093286457132,-0.04902532044240451,-1.0139779174477241,-1.0139779174477241,46.61532000000011,53.72467999999992,out_of_sample
signal:0494bf9131db4623b686,range_expansion_lfd_buffer_0p10atr,daily_range_expansion_analogue,0.1,COST,long,2026-05-14,60,baseline_20_40_60,holdout,closed,2026-05-15,1049.88468,999.1232857142857,1100.6460742857141,1151.4074685714284,,0.4,2026-05-26,998.6237240714286,stop,7,-51.26095592857132,-51.47093286457132,-0.04902532044240451,-1.0139779174477241,-1.0139779174477241,46.61532000000011,53.72467999999992,out_of_sample
signal:94e6099b9984c358196d,rectangle_height_lfd_buffer_0p00atr,rectangle_height,0.0,AVGO,long,2026-05-29,20,baseline_20_40_60,holdout,closed,2026-06-01,450.31504499999994,414.01,,467.13,,0.0,2026-06-02,466.896435,gap_objective_capped,2,16.581390000000056,16.491326991000054,0.03662175442306188,0.45424339760493554,0.45424339760493554,15.73495500000007,8.095044999999914,out_of_sample
signal:94e6099b9984c358196d,range_expansion_lfd_buffer_0p00atr,daily_range_expansion_analogue,0.0,AVGO,long,2026-05-29,20,baseline_20_40_60,holdout,closed,2026-06-01,450.31504499999994,414.01,486.6200899999999,522.9251349999998,2026-06-02,0.4,2026-06-04,439.822014982,gap_breakeven_stop,4,-10.493030017999956,-10.583093026999956,-0.02350153108253347,-0.2915047489129946,-0.2915047489129946,44.68495500000006,8.095044999999914,out_of_sample
signal:94e6099b9984c358196d,rectangle_height_lfd_buffer_0p10atr,rectangle_height,0.1,AVGO,long,2026-05-29,20,baseline_20_40_60,holdout,closed,2026-06-01,450.31504499999994,412.39085714285716,,467.13,,0.0,2026-06-02,466.896435,gap_objective_capped,2,16.581390000000056,16.491326991000054,0.03662175442306188,0.4348498391876312,0.4348498391876312,15.73495500000007,8.095044999999914,out_of_sample
signal:94e6099b9984c358196d,range_expansion_lfd_buffer_0p10atr,daily_range_expansion_analogue,0.1,AVGO,long,2026-05-29,20,baseline_20_40_60,holdout,closed,2026-06-01,450.31504499999994,412.39085714285716,488.2392328571427,526.1634207142855,2026-06-02,0.4,2026-06-04,440.4693482962857,gap_breakeven_stop,4,-9.845696703714225,-9.935759712714225,-0.022064019008545953,-0.26199004577609925,-0.26199004577609925,44.68495500000006,8.095044999999914,out_of_sample
signal:87713c35562cadbf0b34,rectangle_height_lfd_buffer_0p00atr,rectangle_height,0.0,CRM,long,2026-05-29,40,baseline_20_40_60,holdout,closed,2026-06-01,198.84937499999998,171.65,,212.09499999999997,,0.0,2026-06-09,171.564175,stop,7,-27.285199999999975,-27.324969874999976,-0.13741541744850835,-1.004617564741837,-1.004617564741837,12.490625000000023,27.28937499999998,out_of_sample
signal:87713c35562cadbf0b34,range_expansion_lfd_buffer_0p00atr,daily_range_expansion_analogue,0.0,CRM,long,2026-05-29,40,baseline_20_40_60,holdout,closed,2026-06-01,198.84937499999998,171.65,226.04874999999996,253.24812499999993,,0.4,2026-06-09,171.564175,stop,7,-27.285199999999975,-27.324969874999976,-0.13741541744850835,-1.004617564741837,-1.004617564741837,12.490625000000023,27.28937499999998,out_of_sample
signal:87713c35562cadbf0b34,rectangle_height_lfd_buffer_0p10atr,rectangle_height,0.1,CRM,long,2026-05-29,40,baseline_20_40_60,holdout,closed,2026-06-01,198.84937499999998,170.90085714285715,,212.09499999999997,,0.0,2026-06-10,170.5147,gap_stop,8,-28.334674999999976,-28.374444874999977,-0.14269315593775428,-1.0152396996518471,-1.0152396996518471,12.490625000000023,27.28937499999998,out_of_sample
signal:87713c35562cadbf0b34,range_expansion_lfd_buffer_0p10atr,daily_range_expansion_analogue,0.1,CRM,long,2026-05-29,40,baseline_20_40_60,holdout,closed,2026-06-01,198.84937499999998,170.90085714285715,226.7978928571428,254.74641071428564,,0.4,2026-06-10,170.5147,gap_stop,8,-28.334674999999976,-28.374444874999977,-0.14269315593775428,-1.0152396996518471,-1.0152396996518471,12.490625000000023,27.28937499999998,out_of_sample
signal:d07b0070e1f88365e0e6,rectangle_height_lfd_buffer_0p00atr,rectangle_height,0.0,JPM,long,2026-06-12,40,baseline_20_40_60,holdout,closed,2026-06-15,324.08196,308.88,,337.19,,0.0,2026-06-17,337.021405,objective,3,12.939445000000035,12.874628608000034,0.039726458726675296,0.8469058337214442,0.8469058337214442,13.68804,5.241960000000006,out_of_sample
signal:d07b0070e1f88365e0e6,range_expansion_lfd_buffer_0p00atr,daily_range_expansion_analogue,0.0,JPM,long,2026-06-12,40,baseline_20_40_60,holdout,closed,2026-06-15,324.08196,308.88,339.28391999999997,354.48587999999995,2026-06-25,0.4,2026-06-30,331.945512216,loose_high_water_giveback,11,7.863552216000016,7.798735824000016,0.024064084974060318,0.5130085741575444,0.5130085741575444,19.368040000000008,5.241960000000006,out_of_sample
signal:d07b0070e1f88365e0e6,rectangle_height_lfd_buffer_0p10atr,rectangle_height,0.1,JPM,long,2026-06-12,40,baseline_20_40_60,holdout,closed,2026-06-15,324.08196,308.2487857142857,,337.19,,0.0,2026-06-17,337.021405,objective,3,12.939445000000035,12.874628608000034,0.039726458726675296,0.8131426065091927,0.8131426065091927,13.68804,5.241960000000006,out_of_sample
signal:d07b0070e1f88365e0e6,range_expansion_lfd_buffer_0p10atr,daily_range_expansion_analogue,0.1,JPM,long,2026-06-12,40,baseline_20_40_60,holdout,closed,2026-06-15,324.08196,308.2487857142857,339.91513428571426,355.74830857142854,2026-06-25,0.4,2026-06-30,332.1978716874286,loose_high_water_giveback,11,8.115911687428593,8.051095295428592,0.024842775251756044,0.508495337077974,0.508495337077974,19.368040000000008,5.241960000000006,out_of_sample
signal:76685e0c16818ef21c78,rectangle_height_lfd_buffer_0p00atr,rectangle_height,0.0,XLI,long,2026-06-15,40,baseline_20_40_60,holdout,closed,2026-06-16,179.66979,174.63,,183.73000000000002,,0.0,2026-06-25,183.63813500000003,objective,7,3.9683450000000278,3.9324110420000276,0.021886879491538492,0.7802727974776765,0.7802727974776765,6.420209999999997,2.4397900000000163,out_of_sample
signal:76685e0c16818ef21c78,range_expansion_lfd_buffer_0p00atr,daily_range_expansion_analogue,0.0,XLI,long,2026-06-15,40,baseline_20_40_60,holdout,closed,2026-06-16,179.66979,174.63,184.70958000000002,189.74937000000003,2026-06-25,0.4,2026-06-26,182.512530084,loose_high_water_giveback,8,2.842740083999985,2.8068061259999846,0.015622025973314626,0.5569291827635633,0.5569291827635633,6.420209999999997,2.4397900000000163,out_of_sample
signal:76685e0c16818ef21c78,rectangle_height_lfd_buffer_0p10atr,rectangle_height,0.1,XLI,long,2026-06-15,40,baseline_20_40_60,holdout,closed,2026-06-16,179.66979,174.3272142857143,,183.73000000000002,,0.0,2026-06-25,183.63813500000003,objective,7,3.9683450000000278,3.9324110420000276,0.021886879491538492,0.7360515325005138,0.7360515325005138,6.420209999999997,2.4397900000000163,out_of_sample
signal:76685e0c16818ef21c78,range_expansion_lfd_buffer_0p10atr,daily_range_expansion_analogue,0.1,XLI,long,2026-06-15,40,baseline_20_40_60,holdout,closed,2026-06-16,179.66979,174.3272142857143,185.01236571428572,190.35494142857144,2026-06-25,0.4,2026-06-26,182.63358381257143,loose_high_water_giveback,8,2.9637938125714243,2.927859854571424,0.01629578269430506,0.5480240264527293,0.5480240264527293,6.420209999999997,2.4397900000000163,out_of_sample
