side,symbol,direction,ts,event_type,policy_id
missing_in_runtime,IWM,long,2021-06-04T14:00:00+00:00,entry,market_pulse_flip
missing_in_runtime,IWM,long,2021-06-18T13:59:00+00:00,entry,market_pulse_flip
missing_in_runtime,IWM,long,2021-06-29T13:47:00+00:00,entry,market_pulse_flip
missing_in_runtime,IWM,long,2021-07-13T14:11:00+00:00,entry,market_pulse_flip
missing_in_runtime,IWM,long,2021-07-14T13:55:00+00:00,entry,market_pulse_flip
missing_in_runtime,IWM,long,2021-08-12T13:57:00+00:00,entry,market_pulse_flip
missing_in_runtime,IWM,long,2021-08-12T13:58:00+00:00,entry,market_pulse_flip
missing_in_runtime,IWM,long,2021-08-12T13:59:00+00:00,entry,market_pulse_flip
missing_in_runtime,IWM,long,2021-06-04T14:00:00+00:00,entry,fixed_1r
missing_in_runtime,IWM,long,2021-07-13T14:11:00+00:00,entry,fixed_1r
missing_in_runtime,IWM,long,2021-07-14T13:55:00+00:00,entry,fixed_1r
missing_in_runtime,IWM,long,2021-08-12T13:57:00+00:00,entry,fixed_1r
missing_in_runtime,IWM,long,2021-08-12T13:59:00+00:00,entry,fixed_1r
missing_in_runtime,IWM,long,2021-08-24T14:10:00+00:00,entry,fixed_1r
missing_in_runtime,IWM,long,2021-09-01T14:02:00+00:00,entry,fixed_1r
missing_in_runtime,IWM,long,2021-09-13T13:50:00+00:00,entry,fixed_1r
missing_in_runtime,IWM,long,2021-06-04T14:00:00+00:00,entry,fixed_1r
missing_in_runtime,IWM,long,2021-07-13T14:11:00+00:00,entry,fixed_1r
missing_in_runtime,IWM,long,2021-07-14T13:55:00+00:00,entry,fixed_1r
missing_in_runtime,IWM,long,2021-08-12T13:57:00+00:00,entry,fixed_1r
missing_in_runtime,IWM,long,2021-08-12T13:59:00+00:00,entry,fixed_1r
missing_in_runtime,IWM,long,2021-08-24T14:10:00+00:00,entry,fixed_1r
missing_in_runtime,IWM,long,2021-09-01T14:02:00+00:00,entry,fixed_1r
missing_in_runtime,IWM,long,2021-09-13T13:50:00+00:00,entry,fixed_1r
missing_in_runtime,IWM,long,2021-06-04T14:00:00+00:00,entry,fixed_1r
missing_in_runtime,IWM,long,2021-06-18T13:59:00+00:00,entry,fixed_1r
missing_in_runtime,IWM,long,2021-06-29T13:47:00+00:00,entry,fixed_1r
missing_in_runtime,IWM,long,2021-07-13T14:11:00+00:00,entry,fixed_1r
missing_in_runtime,IWM,long,2021-07-14T13:55:00+00:00,entry,fixed_1r
missing_in_runtime,IWM,long,2021-08-12T13:57:00+00:00,entry,fixed_1r
missing_in_runtime,IWM,long,2021-08-12T13:58:00+00:00,entry,fixed_1r
missing_in_runtime,IWM,long,2021-08-12T13:59:00+00:00,entry,fixed_1r
missing_in_runtime,IWM,long,2024-08-21T13:45:00+00:00,entry,fixed_1r
missing_in_runtime,IWM,long,2021-05-19T13:43:00+00:00,entry,fixed_1r
missing_in_runtime,IWM,long,2021-06-03T13:56:00+00:00,entry,fixed_1r
missing_in_runtime,IWM,long,2021-06-18T13:59:00+00:00,entry,fixed_1r
missing_in_runtime,IWM,long,2021-06-18T14:00:00+00:00,entry,fixed_1r
missing_in_runtime,IWM,long,2021-06-18T14:12:00+00:00,entry,fixed_1r
missing_in_runtime,IWM,long,2021-07-08T13:50:00+00:00,entry,fixed_1r
missing_in_runtime,IWM,long,2021-07-08T13:51:00+00:00,entry,fixed_1r
missing_in_runtime,IWM,long,2021-07-08T13:54:00+00:00,entry,fixed_1r
missing_in_runtime,IWM,long,2021-05-17T14:05:00+00:00,entry,fixed_1r
missing_in_runtime,IWM,long,2021-05-17T14:06:00+00:00,entry,fixed_1r
missing_in_runtime,IWM,long,2021-05-27T13:48:00+00:00,entry,fixed_1r
missing_in_runtime,IWM,long,2021-06-04T14:00:00+00:00,entry,fixed_1r
missing_in_runtime,IWM,long,2021-06-09T13:55:00+00:00,entry,fixed_1r
missing_in_runtime,IWM,long,2021-06-16T14:05:00+00:00,entry,fixed_1r
missing_in_runtime,IWM,long,2021-06-18T13:59:00+00:00,entry,fixed_1r
missing_in_runtime,IWM,long,2021-06-18T14:00:00+00:00,entry,fixed_1r
missing_in_runtime,IWM,long,2021-06-24T13:42:00+00:00,entry,fixed_1r
missing_in_runtime,IWM,long,2021-08-12T13:57:00+00:00,entry,fixed_1r
missing_in_runtime,IWM,long,2021-08-12T13:58:00+00:00,entry,fixed_1r
missing_in_runtime,IWM,long,2021-08-12T13:59:00+00:00,entry,fixed_1r
missing_in_runtime,IWM,long,2021-08-24T14:10:00+00:00,entry,fixed_1r
missing_in_runtime,IWM,long,2021-09-14T14:06:00+00:00,entry,fixed_1r
missing_in_runtime,IWM,long,2021-11-19T15:11:00+00:00,entry,fixed_1r
missing_in_runtime,IWM,long,2021-12-13T14:56:00+00:00,entry,fixed_1r
missing_in_runtime,IWM,long,2024-02-13T14:35:00+00:00,entry,fixed_1r
missing_in_runtime,IWM,long,2025-08-01T14:09:00+00:00,entry,fixed_1r
missing_in_runtime,IWM,long,2025-08-01T14:10:00+00:00,entry,fixed_1r
missing_in_runtime,IWM,long,2025-08-01T14:12:00+00:00,entry,fixed_1r
missing_in_runtime,IWM,long,2021-08-12T13:58:00+00:00,entry,fixed_1r
missing_in_runtime,IWM,long,2021-08-12T13:59:00+00:00,entry,fixed_1r
missing_in_runtime,IWM,long,2021-09-01T14:02:00+00:00,entry,fixed_1r
missing_in_runtime,IWM,long,2021-09-14T14:07:00+00:00,entry,fixed_1r
missing_in_runtime,IWM,long,2021-11-19T15:12:00+00:00,entry,fixed_1r
missing_in_runtime,IWM,long,2022-01-10T15:07:00+00:00,entry,fixed_1r
missing_in_runtime,IWM,long,2022-01-12T15:11:00+00:00,entry,fixed_1r
missing_in_runtime,IWM,long,2022-02-14T15:08:00+00:00,entry,fixed_1r
missing_in_runtime,IWM,long,2021-06-04T14:00:00+00:00,entry,fixed_1_5r
missing_in_runtime,IWM,long,2021-06-18T13:59:00+00:00,entry,fixed_1_5r
missing_in_runtime,IWM,long,2021-06-29T13:47:00+00:00,entry,fixed_1_5r
missing_in_runtime,IWM,long,2021-07-13T14:11:00+00:00,entry,fixed_1_5r
missing_in_runtime,IWM,long,2021-07-14T13:55:00+00:00,entry,fixed_1_5r
missing_in_runtime,IWM,long,2021-08-12T13:57:00+00:00,entry,fixed_1_5r
missing_in_runtime,IWM,long,2021-08-12T13:58:00+00:00,entry,fixed_1_5r
missing_in_runtime,IWM,long,2021-08-12T13:59:00+00:00,entry,fixed_1_5r
missing_in_runtime,IWM,long,2021-06-29T13:47:00+00:00,entry,fixed_1r
missing_in_runtime,IWM,long,2021-08-12T13:57:00+00:00,entry,fixed_1r
missing_in_runtime,IWM,long,2021-08-12T13:58:00+00:00,entry,fixed_1r
missing_in_runtime,IWM,long,2021-08-12T13:59:00+00:00,entry,fixed_1r
missing_in_runtime,IWM,long,2021-08-24T14:10:00+00:00,entry,fixed_1r
missing_in_runtime,IWM,long,2021-09-01T14:01:00+00:00,entry,fixed_1r
missing_in_runtime,IWM,long,2021-09-01T14:02:00+00:00,entry,fixed_1r
missing_in_runtime,IWM,long,2021-09-08T14:12:00+00:00,entry,fixed_1r
missing_in_runtime,IWM,long,2021-06-04T14:00:00+00:00,entry,time_stop
missing_in_runtime,IWM,long,2021-06-18T13:59:00+00:00,entry,time_stop
missing_in_runtime,IWM,long,2021-06-29T13:47:00+00:00,entry,time_stop
missing_in_runtime,IWM,long,2021-07-13T14:11:00+00:00,entry,time_stop
missing_in_runtime,IWM,long,2021-07-14T13:55:00+00:00,entry,time_stop
missing_in_runtime,IWM,long,2021-08-12T13:57:00+00:00,entry,time_stop
missing_in_runtime,IWM,long,2021-08-12T13:58:00+00:00,entry,time_stop
missing_in_runtime,IWM,long,2021-08-12T13:59:00+00:00,entry,time_stop
missing_in_runtime,IWM,long,2021-06-04T14:00:00+00:00,entry,partial_retrace_50
missing_in_runtime,IWM,long,2021-06-18T13:59:00+00:00,entry,partial_retrace_50
missing_in_runtime,IWM,long,2021-06-29T13:47:00+00:00,entry,partial_retrace_50
missing_in_runtime,IWM,long,2021-07-13T14:11:00+00:00,entry,partial_retrace_50
missing_in_runtime,IWM,long,2021-07-14T13:55:00+00:00,entry,partial_retrace_50
missing_in_runtime,IWM,long,2021-08-12T13:57:00+00:00,entry,partial_retrace_50
missing_in_runtime,IWM,long,2021-08-12T13:58:00+00:00,entry,partial_retrace_50
missing_in_runtime,IWM,long,2021-08-12T13:59:00+00:00,entry,partial_retrace_50
missing_in_runtime,IWM,long,2021-06-04T14:00:00+00:00,entry,fixed_1_5r
missing_in_runtime,IWM,long,2021-06-18T13:59:00+00:00,entry,fixed_1_5r
missing_in_runtime,IWM,long,2021-06-29T13:47:00+00:00,entry,fixed_1_5r
missing_in_runtime,IWM,long,2021-07-13T14:11:00+00:00,entry,fixed_1_5r
missing_in_runtime,IWM,long,2021-07-14T13:55:00+00:00,entry,fixed_1_5r
missing_in_runtime,IWM,long,2021-08-12T13:57:00+00:00,entry,fixed_1_5r
missing_in_runtime,IWM,long,2021-08-12T13:58:00+00:00,entry,fixed_1_5r
missing_in_runtime,IWM,long,2021-08-12T13:59:00+00:00,entry,fixed_1_5r
missing_in_runtime,IWM,long,2021-06-04T14:00:00+00:00,entry,fixed_1r
missing_in_runtime,IWM,long,2021-06-18T13:59:00+00:00,entry,fixed_1r
missing_in_runtime,IWM,long,2021-06-29T13:47:00+00:00,entry,fixed_1r
missing_in_runtime,IWM,long,2021-07-13T14:11:00+00:00,entry,fixed_1r
missing_in_runtime,IWM,long,2021-07-14T13:55:00+00:00,entry,fixed_1r
missing_in_runtime,IWM,long,2021-08-12T13:57:00+00:00,entry,fixed_1r
missing_in_runtime,IWM,long,2021-08-12T13:58:00+00:00,entry,fixed_1r
missing_in_runtime,IWM,long,2021-08-12T13:59:00+00:00,entry,fixed_1r
missing_in_runtime,IWM,long,2021-07-13T14:11:00+00:00,entry,fixed_1r
missing_in_runtime,IWM,long,2021-09-24T13:52:00+00:00,entry,fixed_1r
missing_in_runtime,IWM,long,2021-11-19T15:11:00+00:00,entry,fixed_1r
missing_in_runtime,IWM,long,2021-11-19T15:12:00+00:00,entry,fixed_1r
missing_in_runtime,IWM,long,2022-01-10T15:06:00+00:00,entry,fixed_1r
missing_in_runtime,IWM,long,2022-01-10T15:07:00+00:00,entry,fixed_1r
missing_in_runtime,IWM,long,2022-05-05T14:14:00+00:00,entry,fixed_1r
missing_in_runtime,IWM,long,2022-05-09T14:13:00+00:00,entry,fixed_1r
missing_in_runtime,IWM,long,2021-06-04T14:00:00+00:00,entry,fixed_1r
missing_in_runtime,IWM,long,2021-06-18T13:59:00+00:00,entry,fixed_1r
missing_in_runtime,IWM,long,2021-06-29T13:47:00+00:00,entry,fixed_1r
missing_in_runtime,IWM,long,2021-07-13T14:11:00+00:00,entry,fixed_1r
missing_in_runtime,IWM,long,2021-07-14T13:55:00+00:00,entry,fixed_1r
missing_in_runtime,IWM,long,2021-08-12T13:57:00+00:00,entry,fixed_1r
missing_in_runtime,IWM,long,2021-08-12T13:58:00+00:00,entry,fixed_1r
missing_in_runtime,IWM,long,2021-08-12T13:59:00+00:00,entry,fixed_1r
missing_in_runtime,IWM,long,2021-06-04T14:00:00+00:00,entry,fixed_1r
missing_in_runtime,IWM,long,2021-06-04T14:24:00+00:00,entry,fixed_1r
missing_in_runtime,IWM,long,2021-06-09T14:53:00+00:00,entry,fixed_1r
missing_in_runtime,IWM,long,2021-06-10T14:26:00+00:00,entry,fixed_1r
missing_in_runtime,IWM,long,2021-06-10T14:51:00+00:00,entry,fixed_1r
missing_in_runtime,IWM,long,2021-06-14T14:40:00+00:00,entry,fixed_1r
missing_in_runtime,IWM,long,2021-06-15T14:17:00+00:00,entry,fixed_1r
missing_in_runtime,IWM,long,2021-06-18T13:59:00+00:00,entry,fixed_1r
missing_in_runtime,IWM,long,2021-06-04T14:00:00+00:00,entry,vwap_return
missing_in_runtime,IWM,long,2021-06-18T13:59:00+00:00,entry,vwap_return
missing_in_runtime,IWM,long,2021-06-29T13:47:00+00:00,entry,vwap_return
missing_in_runtime,IWM,long,2021-07-13T14:11:00+00:00,entry,vwap_return
missing_in_runtime,IWM,long,2021-07-14T13:55:00+00:00,entry,vwap_return
missing_in_runtime,IWM,long,2021-08-12T13:57:00+00:00,entry,vwap_return
missing_in_runtime,IWM,long,2021-08-12T13:58:00+00:00,entry,vwap_return
missing_in_runtime,IWM,long,2021-08-12T13:59:00+00:00,entry,vwap_return
missing_in_runtime,IWM,long,2021-08-24T14:10:00+00:00,entry,fixed_1r
missing_in_runtime,IWM,long,2021-12-13T14:56:00+00:00,entry,fixed_1r
missing_in_runtime,IWM,long,2021-07-13T14:11:00+00:00,entry,fixed_1r
missing_in_runtime,IWM,long,2021-08-12T13:57:00+00:00,entry,fixed_1r
missing_in_runtime,IWM,long,2021-09-01T14:02:00+00:00,entry,fixed_1r
missing_in_runtime,IWM,long,2021-09-08T14:12:00+00:00,entry,fixed_1r
missing_in_runtime,IWM,long,2021-09-13T13:50:00+00:00,entry,fixed_1r
missing_in_runtime,IWM,long,2021-09-14T14:06:00+00:00,entry,fixed_1r
missing_in_runtime,IWM,long,2021-09-24T13:52:00+00:00,entry,fixed_1r
missing_in_runtime,IWM,long,2021-12-13T14:56:00+00:00,entry,fixed_1r
missing_in_runtime,IWM,long,2021-06-04T14:00:00+00:00,entry,fixed_1r
missing_in_runtime,IWM,long,2021-07-13T14:11:00+00:00,entry,fixed_1r
missing_in_runtime,IWM,long,2021-07-14T13:55:00+00:00,entry,fixed_1r
missing_in_runtime,IWM,long,2021-08-12T13:57:00+00:00,entry,fixed_1r
missing_in_runtime,IWM,long,2021-08-12T13:59:00+00:00,entry,fixed_1r
missing_in_runtime,IWM,long,2021-08-24T14:10:00+00:00,entry,fixed_1r
missing_in_runtime,IWM,long,2021-09-01T14:02:00+00:00,entry,fixed_1r
missing_in_runtime,IWM,long,2021-09-13T13:50:00+00:00,entry,fixed_1r
missing_in_runtime,IWM,long,2021-06-04T14:00:00+00:00,entry,partial_retrace_50
missing_in_runtime,IWM,long,2021-06-18T13:59:00+00:00,entry,partial_retrace_50
missing_in_runtime,IWM,long,2021-06-29T13:47:00+00:00,entry,partial_retrace_50
missing_in_runtime,IWM,long,2021-07-13T14:11:00+00:00,entry,partial_retrace_50
missing_in_runtime,IWM,long,2021-07-14T13:55:00+00:00,entry,partial_retrace_50
missing_in_runtime,IWM,long,2021-08-12T13:57:00+00:00,entry,partial_retrace_50
missing_in_runtime,IWM,long,2021-08-12T13:58:00+00:00,entry,partial_retrace_50
missing_in_runtime,IWM,long,2021-08-12T13:59:00+00:00,entry,partial_retrace_50
missing_in_runtime,IWM,long,2021-07-01T14:07:00+00:00,entry,fixed_1r
missing_in_runtime,IWM,long,2021-09-01T14:02:00+00:00,entry,fixed_1r
missing_in_runtime,IWM,long,2021-11-09T15:12:00+00:00,entry,fixed_1r
missing_in_runtime,IWM,long,2022-10-11T14:14:00+00:00,entry,fixed_1r
missing_in_runtime,IWM,long,2022-12-07T15:05:00+00:00,entry,fixed_1r
missing_in_runtime,IWM,long,2022-12-07T15:06:00+00:00,entry,fixed_1r
missing_in_runtime,IWM,long,2022-12-07T15:07:00+00:00,entry,fixed_1r
missing_in_runtime,IWM,long,2023-05-17T14:06:00+00:00,entry,fixed_1r
missing_in_runtime,IWM,long,2021-07-13T14:11:00+00:00,entry,fixed_1r
missing_in_runtime,IWM,long,2021-08-12T13:58:00+00:00,entry,fixed_1r
missing_in_runtime,IWM,long,2021-08-12T13:59:00+00:00,entry,fixed_1r
missing_in_runtime,IWM,long,2021-08-24T14:10:00+00:00,entry,fixed_1r
missing_in_runtime,IWM,long,2021-09-01T14:01:00+00:00,entry,fixed_1r
missing_in_runtime,IWM,long,2021-09-01T14:02:00+00:00,entry,fixed_1r
missing_in_runtime,IWM,long,2021-09-13T13:50:00+00:00,entry,fixed_1r
missing_in_runtime,IWM,long,2022-04-08T14:03:00+00:00,entry,fixed_1r
missing_in_runtime,IWM,long,2021-06-18T13:59:00+00:00,entry,fixed_1r
missing_in_runtime,IWM,long,2021-06-18T13:59:00+00:00,entry,fixed_1r
missing_in_runtime,IWM,long,2021-07-13T14:11:00+00:00,entry,fixed_1r
missing_in_runtime,IWM,long,2021-08-24T14:10:00+00:00,entry,fixed_1r
missing_in_runtime,IWM,long,2021-09-01T14:01:00+00:00,entry,fixed_1r
missing_in_runtime,IWM,long,2021-09-08T14:12:00+00:00,entry,fixed_1r
missing_in_runtime,IWM,long,2021-09-14T14:06:00+00:00,entry,fixed_1r
missing_in_runtime,IWM,long,2021-09-14T14:07:00+00:00,entry,fixed_1r
missing_in_runtime,IWM,long,2021-09-24T13:52:00+00:00,entry,fixed_1r
missing_in_runtime,IWM,long,2021-10-19T14:02:00+00:00,entry,fixed_1r
missing_in_runtime,IWM,long,2021-10-19T14:04:00+00:00,entry,fixed_1r
missing_in_runtime,IWM,long,2022-03-28T13:54:00+00:00,entry,fixed_1r
missing_in_runtime,IWM,long,2025-04-16T13:57:00+00:00,entry,fixed_1r
missing_in_runtime,IWM,long,2025-04-21T14:05:00+00:00,entry,fixed_1r
missing_in_runtime,IWM,long,2025-05-20T13:52:00+00:00,entry,fixed_1r
missing_in_runtime,IWM,long,2025-06-24T14:01:00+00:00,entry,fixed_1r
missing_in_runtime,IWM,long,2025-06-24T14:02:00+00:00,entry,fixed_1r
missing_in_runtime,IWM,long,2021-06-04T14:00:00+00:00,entry,fixed_2r
missing_in_runtime,IWM,long,2021-06-18T13:59:00+00:00,entry,fixed_2r
missing_in_runtime,IWM,long,2021-06-29T13:47:00+00:00,entry,fixed_2r
missing_in_runtime,IWM,long,2021-07-13T14:11:00+00:00,entry,fixed_2r
missing_in_runtime,IWM,long,2021-07-14T13:55:00+00:00,entry,fixed_2r
missing_in_runtime,IWM,long,2021-08-12T13:57:00+00:00,entry,fixed_2r
missing_in_runtime,IWM,long,2021-08-12T13:58:00+00:00,entry,fixed_2r
missing_in_runtime,IWM,long,2021-08-12T13:59:00+00:00,entry,fixed_2r
missing_in_runtime,IWM,long,2021-06-29T13:47:00+00:00,entry,fixed_1r
missing_in_runtime,IWM,long,2021-08-24T14:10:00+00:00,entry,fixed_1r
missing_in_runtime,IWM,long,2021-09-14T14:06:00+00:00,entry,fixed_1r
missing_in_runtime,IWM,long,2021-09-24T13:52:00+00:00,entry,fixed_1r
missing_in_runtime,IWM,long,2021-12-13T14:56:00+00:00,entry,fixed_1r
missing_in_runtime,IWM,long,2022-01-12T15:10:00+00:00,entry,fixed_1r
missing_in_runtime,IWM,long,2022-01-12T15:11:00+00:00,entry,fixed_1r
missing_in_runtime,IWM,long,2022-02-14T15:07:00+00:00,entry,fixed_1r
missing_in_runtime,IWM,long,2021-06-04T14:00:00+00:00,entry,fixed_1r
missing_in_runtime,IWM,long,2022-05-19T13:54:00+00:00,entry,fixed_1r
missing_in_runtime,IWM,long,2022-12-06T14:48:00+00:00,entry,fixed_1r
missing_in_runtime,IWM,long,2023-05-22T13:51:00+00:00,entry,fixed_1r
missing_in_runtime,IWM,long,2023-11-08T15:09:00+00:00,entry,fixed_1r
missing_in_runtime,IWM,long,2024-07-17T14:13:00+00:00,entry,fixed_1r
missing_in_runtime,IWM,long,2025-08-28T13:52:00+00:00,entry,fixed_1r
missing_in_runtime,IWM,long,2026-05-06T13:54:00+00:00,entry,fixed_1r
missing_in_runtime,IWM,long,2021-07-13T14:11:00+00:00,entry,fixed_1r
missing_in_runtime,IWM,long,2021-08-12T13:58:00+00:00,entry,fixed_1r
missing_in_runtime,IWM,long,2021-08-12T13:59:00+00:00,entry,fixed_1r
missing_in_runtime,IWM,long,2021-08-24T14:10:00+00:00,entry,fixed_1r
missing_in_runtime,IWM,long,2021-09-01T14:01:00+00:00,entry,fixed_1r
missing_in_runtime,IWM,long,2021-09-01T14:02:00+00:00,entry,fixed_1r
missing_in_runtime,IWM,long,2021-09-13T13:50:00+00:00,entry,fixed_1r
missing_in_runtime,IWM,long,2022-04-08T14:03:00+00:00,entry,fixed_1r
missing_in_runtime,IWM,long,2021-06-29T13:47:00+00:00,entry,fixed_1r
missing_in_runtime,IWM,long,2021-07-14T13:55:00+00:00,entry,fixed_1r
missing_in_runtime,IWM,long,2021-08-12T13:57:00+00:00,entry,fixed_1r
missing_in_runtime,IWM,long,2021-08-12T13:58:00+00:00,entry,fixed_1r
missing_in_runtime,IWM,long,2021-08-12T13:59:00+00:00,entry,fixed_1r
missing_in_runtime,IWM,long,2021-09-01T14:02:00+00:00,entry,fixed_1r
missing_in_runtime,IWM,long,2021-09-13T13:50:00+00:00,entry,fixed_1r
missing_in_runtime,IWM,long,2021-09-13T14:15:00+00:00,entry,fixed_1r
missing_in_runtime,IWM,long,2021-06-04T14:00:00+00:00,entry,fixed_1r
missing_in_runtime,IWM,long,2021-06-18T13:59:00+00:00,entry,fixed_1r
missing_in_runtime,IWM,long,2021-06-29T13:47:00+00:00,entry,fixed_1r
missing_in_runtime,IWM,long,2021-07-13T14:11:00+00:00,entry,fixed_1r
missing_in_runtime,IWM,long,2021-07-14T13:55:00+00:00,entry,fixed_1r
missing_in_runtime,IWM,long,2021-08-12T13:57:00+00:00,entry,fixed_1r
missing_in_runtime,IWM,long,2021-08-12T13:58:00+00:00,entry,fixed_1r
missing_in_runtime,IWM,long,2021-08-12T13:59:00+00:00,entry,fixed_1r
missing_in_runtime,IWM,long,2021-06-04T14:00:00+00:00,entry,market_pulse_flip
missing_in_runtime,IWM,long,2021-06-18T13:59:00+00:00,entry,market_pulse_flip
missing_in_runtime,IWM,long,2021-06-29T13:47:00+00:00,entry,market_pulse_flip
missing_in_runtime,IWM,long,2021-07-13T14:11:00+00:00,entry,market_pulse_flip
missing_in_runtime,IWM,long,2021-07-14T13:55:00+00:00,entry,market_pulse_flip
missing_in_runtime,IWM,long,2021-08-12T13:57:00+00:00,entry,market_pulse_flip
missing_in_runtime,IWM,long,2021-08-12T13:58:00+00:00,entry,market_pulse_flip
missing_in_runtime,IWM,long,2021-08-12T13:59:00+00:00,entry,market_pulse_flip
missing_in_runtime,IWM,long,2021-06-04T14:00:00+00:00,entry,vwap_return
missing_in_runtime,IWM,long,2021-06-18T13:59:00+00:00,entry,vwap_return
missing_in_runtime,IWM,long,2021-06-29T13:47:00+00:00,entry,vwap_return
missing_in_runtime,IWM,long,2021-07-13T14:11:00+00:00,entry,vwap_return
missing_in_runtime,IWM,long,2021-07-14T13:55:00+00:00,entry,vwap_return
missing_in_runtime,IWM,long,2021-08-12T13:57:00+00:00,entry,vwap_return
missing_in_runtime,IWM,long,2021-08-12T13:58:00+00:00,entry,vwap_return
missing_in_runtime,IWM,long,2021-08-12T13:59:00+00:00,entry,vwap_return
missing_in_runtime,IWM,long,2021-06-04T14:00:00+00:00,entry,partial_retrace_50
missing_in_runtime,IWM,long,2021-06-18T13:59:00+00:00,entry,partial_retrace_50
missing_in_runtime,IWM,long,2021-06-29T13:47:00+00:00,entry,partial_retrace_50
missing_in_runtime,IWM,long,2021-07-13T14:11:00+00:00,entry,partial_retrace_50
missing_in_runtime,IWM,long,2021-07-14T13:55:00+00:00,entry,partial_retrace_50
missing_in_runtime,IWM,long,2021-08-12T13:57:00+00:00,entry,partial_retrace_50
missing_in_runtime,IWM,long,2021-08-12T13:58:00+00:00,entry,partial_retrace_50
missing_in_runtime,IWM,long,2021-08-12T13:59:00+00:00,entry,partial_retrace_50
missing_in_runtime,IWM,long,2021-06-04T14:00:00+00:00,entry,fixed_1r
missing_in_runtime,IWM,long,2021-06-18T13:59:00+00:00,entry,fixed_1r
missing_in_runtime,IWM,long,2021-06-29T13:47:00+00:00,entry,fixed_1r
missing_in_runtime,IWM,long,2021-07-13T14:11:00+00:00,entry,fixed_1r
missing_in_runtime,IWM,long,2021-07-14T13:55:00+00:00,entry,fixed_1r
missing_in_runtime,IWM,long,2021-08-12T13:57:00+00:00,entry,fixed_1r
missing_in_runtime,IWM,long,2021-08-12T13:58:00+00:00,entry,fixed_1r
missing_in_runtime,IWM,long,2021-08-12T13:59:00+00:00,entry,fixed_1r
missing_in_runtime,IWM,long,2021-06-04T14:00:00+00:00,entry,market_pulse_flip
missing_in_runtime,IWM,long,2021-06-18T13:59:00+00:00,entry,market_pulse_flip
missing_in_runtime,IWM,long,2021-06-29T13:47:00+00:00,entry,market_pulse_flip
missing_in_runtime,IWM,long,2021-07-13T14:11:00+00:00,entry,market_pulse_flip
missing_in_runtime,IWM,long,2021-07-14T13:55:00+00:00,entry,market_pulse_flip
missing_in_runtime,IWM,long,2021-08-12T13:57:00+00:00,entry,market_pulse_flip
missing_in_runtime,IWM,long,2021-08-12T13:58:00+00:00,entry,market_pulse_flip
missing_in_runtime,IWM,long,2021-08-12T13:59:00+00:00,entry,market_pulse_flip
missing_in_runtime,IWM,long,2021-09-08T14:12:00+00:00,entry,fixed_1r
missing_in_runtime,IWM,long,2021-09-13T13:50:00+00:00,entry,fixed_1r
missing_in_runtime,IWM,long,2021-12-13T14:56:00+00:00,entry,fixed_1r
missing_in_runtime,IWM,long,2022-03-28T13:54:00+00:00,entry,fixed_1r
missing_in_runtime,IWM,long,2022-11-14T14:49:00+00:00,entry,fixed_1r
missing_in_runtime,IWM,long,2023-03-09T15:03:00+00:00,entry,fixed_1r
missing_in_runtime,IWM,long,2023-04-25T13:52:00+00:00,entry,fixed_1r
missing_in_runtime,IWM,long,2023-05-09T14:12:00+00:00,entry,fixed_1r
missing_in_runtime,IWM,long,2021-06-04T14:00:00+00:00,entry,vwap_return
missing_in_runtime,IWM,long,2021-06-18T13:59:00+00:00,entry,vwap_return
missing_in_runtime,IWM,long,2021-06-29T13:47:00+00:00,entry,vwap_return
missing_in_runtime,IWM,long,2021-07-13T14:11:00+00:00,entry,vwap_return
missing_in_runtime,IWM,long,2021-07-14T13:55:00+00:00,entry,vwap_return
missing_in_runtime,IWM,long,2021-08-12T13:57:00+00:00,entry,vwap_return
missing_in_runtime,IWM,long,2021-08-12T13:58:00+00:00,entry,vwap_return
missing_in_runtime,IWM,long,2021-08-12T13:59:00+00:00,entry,vwap_return
missing_in_runtime,IWM,long,2021-07-13T14:11:00+00:00,entry,fixed_1r
missing_in_runtime,IWM,long,2021-08-12T13:58:00+00:00,entry,fixed_1r
missing_in_runtime,IWM,long,2021-08-12T13:59:00+00:00,entry,fixed_1r
missing_in_runtime,IWM,long,2021-08-24T14:10:00+00:00,entry,fixed_1r
missing_in_runtime,IWM,long,2021-09-01T14:01:00+00:00,entry,fixed_1r
missing_in_runtime,IWM,long,2021-09-01T14:02:00+00:00,entry,fixed_1r
missing_in_runtime,IWM,long,2021-09-13T13:50:00+00:00,entry,fixed_1r
missing_in_runtime,IWM,long,2022-04-08T14:03:00+00:00,entry,fixed_1r
missing_in_runtime,IWM,long,2021-05-17T14:05:00+00:00,entry,fixed_1r
missing_in_runtime,IWM,long,2021-05-17T14:06:00+00:00,entry,fixed_1r
missing_in_runtime,IWM,long,2021-05-25T14:10:00+00:00,entry,fixed_1r
missing_in_runtime,IWM,long,2021-05-28T13:52:00+00:00,entry,fixed_1r
missing_in_runtime,IWM,long,2021-06-04T14:00:00+00:00,entry,fixed_1r
missing_in_runtime,IWM,long,2021-06-09T13:55:00+00:00,entry,fixed_1r
missing_in_runtime,IWM,long,2021-06-16T14:05:00+00:00,entry,fixed_1r
missing_in_runtime,IWM,long,2021-06-24T13:42:00+00:00,entry,fixed_1r
missing_in_runtime,IWM,long,2021-06-24T13:42:00+00:00,entry,fixed_1r
missing_in_runtime,IWM,long,2021-07-13T14:11:00+00:00,entry,fixed_1r
missing_in_runtime,IWM,long,2021-07-14T13:55:00+00:00,entry,fixed_1r
missing_in_runtime,IWM,long,2021-08-12T13:57:00+00:00,entry,fixed_1r
missing_in_runtime,IWM,long,2021-08-12T13:58:00+00:00,entry,fixed_1r
missing_in_runtime,IWM,long,2021-08-12T13:59:00+00:00,entry,fixed_1r
missing_in_runtime,IWM,long,2021-08-24T14:10:00+00:00,entry,fixed_1r
missing_in_runtime,IWM,long,2021-08-30T13:51:00+00:00,entry,fixed_1r
missing_in_runtime,IWM,long,2023-03-14T14:14:00+00:00,entry,fixed_1r
missing_in_runtime,IWM,long,2023-05-05T14:00:00+00:00,entry,fixed_1r
missing_in_runtime,IWM,long,2021-06-04T14:00:00+00:00,entry,time_stop
missing_in_runtime,IWM,long,2021-06-18T13:59:00+00:00,entry,time_stop
missing_in_runtime,IWM,long,2021-06-29T13:47:00+00:00,entry,time_stop
missing_in_runtime,IWM,long,2021-07-13T14:11:00+00:00,entry,time_stop
missing_in_runtime,IWM,long,2021-07-14T13:55:00+00:00,entry,time_stop
missing_in_runtime,IWM,long,2021-08-12T13:57:00+00:00,entry,time_stop
missing_in_runtime,IWM,long,2021-08-12T13:58:00+00:00,entry,time_stop
missing_in_runtime,IWM,long,2021-08-12T13:59:00+00:00,entry,time_stop
missing_in_runtime,IWM,long,2021-06-04T14:00:00+00:00,entry,fixed_1r
missing_in_runtime,IWM,long,2021-07-14T13:55:00+00:00,entry,fixed_1r
missing_in_runtime,IWM,long,2021-09-13T13:50:00+00:00,entry,fixed_1r
missing_in_runtime,IWM,long,2021-09-13T14:15:00+00:00,entry,fixed_1r
missing_in_runtime,IWM,long,2021-10-19T14:02:00+00:00,entry,fixed_1r
missing_in_runtime,IWM,long,2021-10-19T14:04:00+00:00,entry,fixed_1r
missing_in_runtime,IWM,long,2022-07-18T14:15:00+00:00,entry,fixed_1r
missing_in_runtime,IWM,long,2022-10-27T13:59:00+00:00,entry,fixed_1r
missing_in_runtime,IWM,long,2021-09-08T14:12:00+00:00,entry,fixed_1r
missing_in_runtime,IWM,long,2021-09-13T13:50:00+00:00,entry,fixed_1r
missing_in_runtime,IWM,long,2021-12-13T14:56:00+00:00,entry,fixed_1r
missing_in_runtime,IWM,long,2022-03-28T13:54:00+00:00,entry,fixed_1r
missing_in_runtime,IWM,long,2022-05-05T14:14:00+00:00,entry,fixed_1r
missing_in_runtime,IWM,long,2022-08-26T13:53:00+00:00,entry,fixed_1r
missing_in_runtime,IWM,long,2022-11-14T14:49:00+00:00,entry,fixed_1r
missing_in_runtime,IWM,long,2023-01-25T15:04:00+00:00,entry,fixed_1r
missing_in_runtime,IWM,long,2021-12-13T14:56:00+00:00,entry,fixed_1r
missing_in_runtime,IWM,long,2024-06-21T13:49:00+00:00,entry,fixed_1r
missing_in_runtime,IWM,long,2024-08-29T13:54:00+00:00,entry,fixed_1r
missing_in_runtime,IWM,long,2021-06-04T14:00:00+00:00,entry,fixed_1_5r
missing_in_runtime,IWM,long,2021-06-18T13:59:00+00:00,entry,fixed_1_5r
missing_in_runtime,IWM,long,2021-06-29T13:47:00+00:00,entry,fixed_1_5r
missing_in_runtime,IWM,long,2021-07-13T14:11:00+00:00,entry,fixed_1_5r
missing_in_runtime,IWM,long,2021-07-14T13:55:00+00:00,entry,fixed_1_5r
missing_in_runtime,IWM,long,2021-08-12T13:57:00+00:00,entry,fixed_1_5r
missing_in_runtime,IWM,long,2021-08-12T13:58:00+00:00,entry,fixed_1_5r
missing_in_runtime,IWM,long,2021-08-12T13:59:00+00:00,entry,fixed_1_5r
missing_in_runtime,IWM,long,2021-06-04T14:00:00+00:00,entry,fixed_2r
missing_in_runtime,IWM,long,2021-06-18T13:59:00+00:00,entry,fixed_2r
missing_in_runtime,IWM,long,2021-06-29T13:47:00+00:00,entry,fixed_2r
missing_in_runtime,IWM,long,2021-07-13T14:11:00+00:00,entry,fixed_2r
missing_in_runtime,IWM,long,2021-07-14T13:55:00+00:00,entry,fixed_2r
missing_in_runtime,IWM,long,2021-08-12T13:57:00+00:00,entry,fixed_2r
missing_in_runtime,IWM,long,2021-08-12T13:58:00+00:00,entry,fixed_2r
missing_in_runtime,IWM,long,2021-08-12T13:59:00+00:00,entry,fixed_2r
missing_in_runtime,IWM,long,2023-03-14T14:14:00+00:00,entry,fixed_1r
missing_in_runtime,IWM,long,2021-06-04T14:00:00+00:00,entry,fixed_2r
missing_in_runtime,IWM,long,2021-06-18T13:59:00+00:00,entry,fixed_2r
missing_in_runtime,IWM,long,2021-06-29T13:47:00+00:00,entry,fixed_2r
missing_in_runtime,IWM,long,2021-07-13T14:11:00+00:00,entry,fixed_2r
missing_in_runtime,IWM,long,2021-07-14T13:55:00+00:00,entry,fixed_2r
missing_in_runtime,IWM,long,2021-08-12T13:57:00+00:00,entry,fixed_2r
missing_in_runtime,IWM,long,2021-08-12T13:58:00+00:00,entry,fixed_2r
missing_in_runtime,IWM,long,2021-08-12T13:59:00+00:00,entry,fixed_2r
missing_in_runtime,IWM,long,2021-06-04T14:00:00+00:00,entry,fixed_1r
missing_in_runtime,IWM,long,2021-06-18T13:59:00+00:00,entry,fixed_1r
missing_in_runtime,IWM,long,2021-06-29T13:47:00+00:00,entry,fixed_1r
missing_in_runtime,IWM,long,2021-07-14T13:55:00+00:00,entry,fixed_1r
missing_in_runtime,IWM,long,2021-08-12T13:57:00+00:00,entry,fixed_1r
missing_in_runtime,IWM,long,2021-08-12T13:58:00+00:00,entry,fixed_1r
missing_in_runtime,IWM,long,2021-08-12T13:59:00+00:00,entry,fixed_1r
missing_in_runtime,IWM,long,2021-09-13T13:50:00+00:00,entry,fixed_1r
missing_in_runtime,IWM,long,2021-07-08T13:50:00+00:00,entry,fixed_1r
missing_in_runtime,IWM,long,2021-07-08T13:51:00+00:00,entry,fixed_1r
missing_in_runtime,IWM,long,2021-07-08T13:54:00+00:00,entry,fixed_1r
missing_in_runtime,IWM,long,2021-07-19T14:06:00+00:00,entry,fixed_1r
missing_in_runtime,IWM,long,2021-07-19T14:07:00+00:00,entry,fixed_1r
missing_in_runtime,IWM,long,2021-09-20T13:41:00+00:00,entry,fixed_1r
missing_in_runtime,IWM,long,2021-09-20T13:42:00+00:00,entry,fixed_1r
missing_in_runtime,IWM,long,2021-09-20T13:44:00+00:00,entry,fixed_1r
missing_in_runtime,IWM,long,2022-12-07T15:06:00+00:00,entry,fixed_1r
missing_in_runtime,IWM,long,2022-12-07T15:07:00+00:00,entry,fixed_1r
missing_in_runtime,IWM,long,2023-05-17T14:07:00+00:00,entry,fixed_1r
missing_in_runtime,IWM,long,2021-08-24T14:10:00+00:00,entry,fixed_1r
missing_in_runtime,IWM,long,2022-01-12T15:10:00+00:00,entry,fixed_1r
missing_in_runtime,IWM,long,2022-01-12T15:11:00+00:00,entry,fixed_1r
missing_in_runtime,IWM,long,2023-04-21T14:05:00+00:00,entry,fixed_1r
missing_in_runtime,IWM,long,2024-11-01T14:06:00+00:00,entry,fixed_1r
missing_in_runtime,IWM,long,2025-02-05T15:09:00+00:00,entry,fixed_1r
missing_in_runtime,IWM,long,2026-04-23T14:05:00+00:00,entry,fixed_1r
missing_in_runtime,IWM,long,2021-05-19T13:43:00+00:00,entry,fixed_1r
missing_in_runtime,IWM,long,2021-06-03T13:56:00+00:00,entry,fixed_1r
missing_in_runtime,IWM,long,2021-06-18T13:59:00+00:00,entry,fixed_1r
missing_in_runtime,IWM,long,2021-06-18T14:12:00+00:00,entry,fixed_1r
missing_in_runtime,IWM,long,2021-07-08T13:50:00+00:00,entry,fixed_1r
missing_in_runtime,IWM,long,2021-07-08T13:51:00+00:00,entry,fixed_1r
missing_in_runtime,IWM,long,2021-07-08T13:54:00+00:00,entry,fixed_1r
missing_in_runtime,IWM,long,2021-07-08T14:06:00+00:00,entry,fixed_1r
missing_in_runtime,IWM,long,2022-05-18T13:45:00+00:00,entry,fixed_1r
missing_in_runtime,IWM,long,2023-11-07T14:44:00+00:00,entry,fixed_1r
missing_in_runtime,IWM,long,2024-08-21T13:45:00+00:00,entry,fixed_1r
missing_in_runtime,IWM,long,2024-12-10T14:44:00+00:00,entry,fixed_1r
missing_in_runtime,IWM,long,2025-08-08T13:45:00+00:00,entry,fixed_1r
missing_in_runtime,IWM,long,2025-10-22T13:45:00+00:00,entry,fixed_1r
missing_in_runtime,IWM,short,2021-05-13T14:07:00+00:00,entry,market_pulse_flip
missing_in_runtime,IWM,short,2021-05-27T14:00:00+00:00,entry,market_pulse_flip
missing_in_runtime,IWM,short,2021-07-09T13:48:00+00:00,entry,market_pulse_flip
missing_in_runtime,IWM,short,2021-08-02T13:51:00+00:00,entry,market_pulse_flip
missing_in_runtime,IWM,short,2021-08-25T14:05:00+00:00,entry,market_pulse_flip
missing_in_runtime,IWM,short,2021-08-25T14:06:00+00:00,entry,market_pulse_flip
missing_in_runtime,IWM,short,2021-09-15T13:53:00+00:00,entry,market_pulse_flip
missing_in_runtime,IWM,short,2021-09-15T13:54:00+00:00,entry,market_pulse_flip
missing_in_runtime,IWM,short,2021-08-02T13:51:00+00:00,entry,fixed_1r
missing_in_runtime,IWM,short,2021-09-15T13:54:00+00:00,entry,fixed_1r
missing_in_runtime,IWM,short,2021-09-22T14:00:00+00:00,entry,fixed_1r
missing_in_runtime,IWM,short,2021-10-04T14:01:00+00:00,entry,fixed_1r
missing_in_runtime,IWM,short,2021-10-21T14:14:00+00:00,entry,fixed_1r
missing_in_runtime,IWM,short,2021-10-29T14:11:00+00:00,entry,fixed_1r
missing_in_runtime,IWM,short,2021-11-02T14:13:00+00:00,entry,fixed_1r
missing_in_runtime,IWM,short,2021-11-08T14:55:00+00:00,entry,fixed_1r
missing_in_runtime,IWM,short,2021-08-02T13:51:00+00:00,entry,fixed_1r
missing_in_runtime,IWM,short,2021-09-15T13:54:00+00:00,entry,fixed_1r
missing_in_runtime,IWM,short,2021-09-22T14:00:00+00:00,entry,fixed_1r
missing_in_runtime,IWM,short,2021-10-04T14:01:00+00:00,entry,fixed_1r
missing_in_runtime,IWM,short,2021-10-21T14:14:00+00:00,entry,fixed_1r
missing_in_runtime,IWM,short,2021-10-29T14:11:00+00:00,entry,fixed_1r
missing_in_runtime,IWM,short,2021-11-02T14:13:00+00:00,entry,fixed_1r
missing_in_runtime,IWM,short,2021-11-08T14:55:00+00:00,entry,fixed_1r
missing_in_runtime,IWM,short,2021-05-13T14:07:00+00:00,entry,fixed_1r
missing_in_runtime,IWM,short,2021-05-27T14:00:00+00:00,entry,fixed_1r
missing_in_runtime,IWM,short,2021-07-09T13:48:00+00:00,entry,fixed_1r
missing_in_runtime,IWM,short,2021-08-02T13:51:00+00:00,entry,fixed_1r
missing_in_runtime,IWM,short,2021-08-25T14:05:00+00:00,entry,fixed_1r
missing_in_runtime,IWM,short,2021-08-25T14:06:00+00:00,entry,fixed_1r
missing_in_runtime,IWM,short,2021-09-15T13:53:00+00:00,entry,fixed_1r
missing_in_runtime,IWM,short,2021-09-15T13:54:00+00:00,entry,fixed_1r
missing_in_runtime,IWM,short,2021-05-13T14:07:00+00:00,entry,fixed_1r
missing_in_runtime,IWM,short,2021-05-27T14:00:00+00:00,entry,fixed_1r
missing_in_runtime,IWM,short,2021-07-09T13:48:00+00:00,entry,fixed_1r
missing_in_runtime,IWM,short,2021-09-15T13:53:00+00:00,entry,fixed_1r
missing_in_runtime,IWM,short,2021-09-15T13:54:00+00:00,entry,fixed_1r
missing_in_runtime,IWM,short,2021-09-22T14:00:00+00:00,entry,fixed_1r
missing_in_runtime,IWM,short,2021-10-21T14:13:00+00:00,entry,fixed_1r
missing_in_runtime,IWM,short,2021-10-21T14:14:00+00:00,entry,fixed_1r
missing_in_runtime,IWM,short,2024-11-06T14:44:00+00:00,entry,fixed_1r
missing_in_runtime,IWM,short,2024-11-06T14:46:00+00:00,entry,fixed_1r
missing_in_runtime,IWM,short,2024-11-06T14:47:00+00:00,entry,fixed_1r
missing_in_runtime,IWM,short,2024-11-06T14:54:00+00:00,entry,fixed_1r
missing_in_runtime,IWM,short,2021-07-21T14:10:00+00:00,entry,fixed_1r
missing_in_runtime,IWM,short,2021-07-21T14:12:00+00:00,entry,fixed_1r
missing_in_runtime,IWM,short,2021-08-23T13:56:00+00:00,entry,fixed_1r
missing_in_runtime,IWM,short,2021-08-23T14:04:00+00:00,entry,fixed_1r
missing_in_runtime,IWM,short,2021-09-22T14:00:00+00:00,entry,fixed_1r
missing_in_runtime,IWM,short,2021-09-22T14:12:00+00:00,entry,fixed_1r
missing_in_runtime,IWM,short,2021-09-22T14:13:00+00:00,entry,fixed_1r
missing_in_runtime,IWM,short,2021-10-14T14:15:00+00:00,entry,fixed_1r
missing_in_runtime,IWM,short,2021-05-13T14:07:00+00:00,entry,fixed_1r
missing_in_runtime,IWM,short,2021-05-13T14:08:00+00:00,entry,fixed_1r
missing_in_runtime,IWM,short,2021-05-18T14:13:00+00:00,entry,fixed_1r
missing_in_runtime,IWM,short,2021-05-20T14:08:00+00:00,entry,fixed_1r
missing_in_runtime,IWM,short,2021-05-27T14:00:00+00:00,entry,fixed_1r
missing_in_runtime,IWM,short,2021-06-01T14:12:00+00:00,entry,fixed_1r
missing_in_runtime,IWM,short,2021-06-03T14:15:00+00:00,entry,fixed_1r
missing_in_runtime,IWM,short,2021-06-10T13:42:00+00:00,entry,fixed_1r
missing_in_runtime,IWM,short,2021-05-13T14:07:00+00:00,entry,fixed_1r
missing_in_runtime,IWM,short,2021-05-13T14:08:00+00:00,entry,fixed_1r
missing_in_runtime,IWM,short,2021-07-01T13:48:00+00:00,entry,fixed_1r
missing_in_runtime,IWM,short,2021-09-15T13:53:00+00:00,entry,fixed_1r
missing_in_runtime,IWM,short,2021-09-30T13:58:00+00:00,entry,fixed_1r
missing_in_runtime,IWM,short,2022-02-28T15:01:00+00:00,entry,fixed_1r
missing_in_runtime,IWM,short,2022-02-28T15:03:00+00:00,entry,fixed_1r
missing_in_runtime,IWM,short,2022-10-04T14:08:00+00:00,entry,fixed_1r
missing_in_runtime,IWM,short,2022-11-10T15:03:00+00:00,entry,fixed_1r
missing_in_runtime,IWM,short,2022-11-10T15:14:00+00:00,entry,fixed_1r
missing_in_runtime,IWM,short,2023-11-14T15:07:00+00:00,entry,fixed_1r
missing_in_runtime,IWM,short,2024-11-06T14:44:00+00:00,entry,fixed_1r
missing_in_runtime,IWM,short,2024-11-06T14:46:00+00:00,entry,fixed_1r
missing_in_runtime,IWM,short,2024-11-06T14:47:00+00:00,entry,fixed_1r
missing_in_runtime,IWM,short,2024-11-06T14:54:00+00:00,entry,fixed_1r
missing_in_runtime,IWM,short,2025-05-12T13:36:00+00:00,entry,fixed_1r
missing_in_runtime,IWM,short,2021-08-25T14:06:00+00:00,entry,fixed_1r
missing_in_runtime,IWM,short,2021-09-15T13:54:00+00:00,entry,fixed_1r
missing_in_runtime,IWM,short,2021-09-30T13:59:00+00:00,entry,fixed_1r
missing_in_runtime,IWM,short,2021-10-21T14:14:00+00:00,entry,fixed_1r
missing_in_runtime,IWM,short,2021-11-02T14:14:00+00:00,entry,fixed_1r
missing_in_runtime,IWM,short,2022-02-10T15:15:00+00:00,entry,fixed_1r
missing_in_runtime,IWM,short,2022-02-24T15:02:00+00:00,entry,fixed_1r
missing_in_runtime,IWM,short,2022-03-10T15:02:00+00:00,entry,fixed_1r
missing_in_runtime,IWM,short,2021-05-13T14:07:00+00:00,entry,fixed_1_5r
missing_in_runtime,IWM,short,2021-05-27T14:00:00+00:00,entry,fixed_1_5r
missing_in_runtime,IWM,short,2021-07-09T13:48:00+00:00,entry,fixed_1_5r
missing_in_runtime,IWM,short,2021-08-02T13:51:00+00:00,entry,fixed_1_5r
missing_in_runtime,IWM,short,2021-08-25T14:05:00+00:00,entry,fixed_1_5r
missing_in_runtime,IWM,short,2021-08-25T14:06:00+00:00,entry,fixed_1_5r
missing_in_runtime,IWM,short,2021-09-15T13:53:00+00:00,entry,fixed_1_5r
missing_in_runtime,IWM,short,2021-09-15T13:54:00+00:00,entry,fixed_1_5r
missing_in_runtime,IWM,short,2021-08-02T13:51:00+00:00,entry,fixed_1r
missing_in_runtime,IWM,short,2021-08-25T14:05:00+00:00,entry,fixed_1r
missing_in_runtime,IWM,short,2021-08-25T14:06:00+00:00,entry,fixed_1r
missing_in_runtime,IWM,short,2021-09-15T13:53:00+00:00,entry,fixed_1r
missing_in_runtime,IWM,short,2021-09-15T13:54:00+00:00,entry,fixed_1r
missing_in_runtime,IWM,short,2021-09-29T13:58:00+00:00,entry,fixed_1r
missing_in_runtime,IWM,short,2021-10-04T14:01:00+00:00,entry,fixed_1r
missing_in_runtime,IWM,short,2021-10-21T14:13:00+00:00,entry,fixed_1r
missing_in_runtime,IWM,short,2021-05-13T14:07:00+00:00,entry,time_stop
missing_in_runtime,IWM,short,2021-05-27T14:00:00+00:00,entry,time_stop
missing_in_runtime,IWM,short,2021-07-09T13:48:00+00:00,entry,time_stop
missing_in_runtime,IWM,short,2021-08-02T13:51:00+00:00,entry,time_stop
missing_in_runtime,IWM,short,2021-08-25T14:05:00+00:00,entry,time_stop
missing_in_runtime,IWM,short,2021-08-25T14:06:00+00:00,entry,time_stop
missing_in_runtime,IWM,short,2021-09-15T13:53:00+00:00,entry,time_stop
missing_in_runtime,IWM,short,2021-09-15T13:54:00+00:00,entry,time_stop
missing_in_runtime,IWM,short,2021-05-13T14:07:00+00:00,entry,partial_retrace_50
missing_in_runtime,IWM,short,2021-05-27T14:00:00+00:00,entry,partial_retrace_50
missing_in_runtime,IWM,short,2021-07-09T13:48:00+00:00,entry,partial_retrace_50
missing_in_runtime,IWM,short,2021-08-02T13:51:00+00:00,entry,partial_retrace_50
missing_in_runtime,IWM,short,2021-08-25T14:05:00+00:00,entry,partial_retrace_50
missing_in_runtime,IWM,short,2021-08-25T14:06:00+00:00,entry,partial_retrace_50
missing_in_runtime,IWM,short,2021-09-15T13:53:00+00:00,entry,partial_retrace_50
missing_in_runtime,IWM,short,2021-09-15T13:54:00+00:00,entry,partial_retrace_50
missing_in_runtime,IWM,short,2021-05-13T14:07:00+00:00,entry,fixed_1_5r
missing_in_runtime,IWM,short,2021-05-27T14:00:00+00:00,entry,fixed_1_5r
missing_in_runtime,IWM,short,2021-07-09T13:48:00+00:00,entry,fixed_1_5r
missing_in_runtime,IWM,short,2021-08-02T13:51:00+00:00,entry,fixed_1_5r
missing_in_runtime,IWM,short,2021-08-25T14:05:00+00:00,entry,fixed_1_5r
missing_in_runtime,IWM,short,2021-08-25T14:06:00+00:00,entry,fixed_1_5r
missing_in_runtime,IWM,short,2021-09-15T13:53:00+00:00,entry,fixed_1_5r
missing_in_runtime,IWM,short,2021-09-15T13:54:00+00:00,entry,fixed_1_5r
missing_in_runtime,IWM,short,2021-05-13T14:07:00+00:00,entry,fixed_1r
missing_in_runtime,IWM,short,2021-05-27T14:00:00+00:00,entry,fixed_1r
missing_in_runtime,IWM,short,2021-07-09T13:48:00+00:00,entry,fixed_1r
missing_in_runtime,IWM,short,2021-08-02T13:51:00+00:00,entry,fixed_1r
missing_in_runtime,IWM,short,2021-08-25T14:05:00+00:00,entry,fixed_1r
missing_in_runtime,IWM,short,2021-08-25T14:06:00+00:00,entry,fixed_1r
missing_in_runtime,IWM,short,2021-09-15T13:53:00+00:00,entry,fixed_1r
missing_in_runtime,IWM,short,2021-09-15T13:54:00+00:00,entry,fixed_1r
missing_in_runtime,IWM,short,2022-02-10T15:14:00+00:00,entry,fixed_1r
missing_in_runtime,IWM,short,2022-02-10T15:15:00+00:00,entry,fixed_1r
missing_in_runtime,IWM,short,2022-02-24T15:01:00+00:00,entry,fixed_1r
missing_in_runtime,IWM,short,2022-02-24T15:02:00+00:00,entry,fixed_1r
missing_in_runtime,IWM,short,2022-02-28T15:01:00+00:00,entry,fixed_1r
missing_in_runtime,IWM,short,2022-03-10T15:01:00+00:00,entry,fixed_1r
missing_in_runtime,IWM,short,2022-03-10T15:02:00+00:00,entry,fixed_1r
missing_in_runtime,IWM,short,2022-03-10T15:03:00+00:00,entry,fixed_1r
missing_in_runtime,IWM,short,2021-05-27T14:00:00+00:00,entry,fixed_1r
missing_in_runtime,IWM,short,2021-07-09T13:48:00+00:00,entry,fixed_1r
missing_in_runtime,IWM,short,2021-08-02T13:51:00+00:00,entry,fixed_1r
missing_in_runtime,IWM,short,2021-08-25T14:05:00+00:00,entry,fixed_1r
missing_in_runtime,IWM,short,2021-08-25T14:06:00+00:00,entry,fixed_1r
missing_in_runtime,IWM,short,2021-09-15T13:53:00+00:00,entry,fixed_1r
missing_in_runtime,IWM,short,2021-09-15T13:54:00+00:00,entry,fixed_1r
missing_in_runtime,IWM,short,2021-09-29T13:58:00+00:00,entry,fixed_1r
missing_in_runtime,IWM,short,2021-05-13T14:07:00+00:00,entry,fixed_1r
missing_in_runtime,IWM,short,2021-05-27T14:00:00+00:00,entry,fixed_1r
missing_in_runtime,IWM,short,2021-06-03T14:57:00+00:00,entry,fixed_1r
missing_in_runtime,IWM,short,2021-06-22T14:22:00+00:00,entry,fixed_1r
missing_in_runtime,IWM,short,2021-07-09T13:48:00+00:00,entry,fixed_1r
missing_in_runtime,IWM,short,2021-08-02T13:51:00+00:00,entry,fixed_1r
missing_in_runtime,IWM,short,2021-08-03T14:53:00+00:00,entry,fixed_1r
missing_in_runtime,IWM,short,2021-08-03T14:55:00+00:00,entry,fixed_1r
missing_in_runtime,IWM,short,2021-05-13T14:07:00+00:00,entry,vwap_return
missing_in_runtime,IWM,short,2021-05-27T14:00:00+00:00,entry,vwap_return
missing_in_runtime,IWM,short,2021-07-09T13:48:00+00:00,entry,vwap_return
missing_in_runtime,IWM,short,2021-08-02T13:51:00+00:00,entry,vwap_return
missing_in_runtime,IWM,short,2021-08-25T14:05:00+00:00,entry,vwap_return
missing_in_runtime,IWM,short,2021-08-25T14:06:00+00:00,entry,vwap_return
missing_in_runtime,IWM,short,2021-09-15T13:53:00+00:00,entry,vwap_return
missing_in_runtime,IWM,short,2021-09-15T13:54:00+00:00,entry,vwap_return
missing_in_runtime,IWM,short,2024-01-03T15:09:00+00:00,entry,fixed_1r
missing_in_runtime,IWM,short,2025-08-19T14:08:00+00:00,entry,fixed_1r
missing_in_runtime,IWM,short,2025-09-18T13:55:00+00:00,entry,fixed_1r
missing_in_runtime,IWM,short,2021-05-13T14:07:00+00:00,entry,fixed_1r
missing_in_runtime,IWM,short,2021-05-27T14:00:00+00:00,entry,fixed_1r
missing_in_runtime,IWM,short,2021-08-02T13:51:00+00:00,entry,fixed_1r
missing_in_runtime,IWM,short,2021-08-25T14:05:00+00:00,entry,fixed_1r
missing_in_runtime,IWM,short,2021-08-25T14:06:00+00:00,entry,fixed_1r
missing_in_runtime,IWM,short,2021-09-15T13:54:00+00:00,entry,fixed_1r
missing_in_runtime,IWM,short,2021-09-22T14:00:00+00:00,entry,fixed_1r
missing_in_runtime,IWM,short,2021-10-04T14:01:00+00:00,entry,fixed_1r
missing_in_runtime,IWM,short,2021-08-02T13:51:00+00:00,entry,fixed_1r
missing_in_runtime,IWM,short,2021-09-15T13:54:00+00:00,entry,fixed_1r
missing_in_runtime,IWM,short,2021-09-22T14:00:00+00:00,entry,fixed_1r
missing_in_runtime,IWM,short,2021-10-04T14:01:00+00:00,entry,fixed_1r
missing_in_runtime,IWM,short,2021-10-21T14:14:00+00:00,entry,fixed_1r
missing_in_runtime,IWM,short,2021-10-29T14:11:00+00:00,entry,fixed_1r
missing_in_runtime,IWM,short,2021-11-02T14:13:00+00:00,entry,fixed_1r
missing_in_runtime,IWM,short,2021-11-08T14:55:00+00:00,entry,fixed_1r
missing_in_runtime,IWM,short,2021-05-13T14:07:00+00:00,entry,partial_retrace_50
missing_in_runtime,IWM,short,2021-05-27T14:00:00+00:00,entry,partial_retrace_50
missing_in_runtime,IWM,short,2021-07-09T13:48:00+00:00,entry,partial_retrace_50
missing_in_runtime,IWM,short,2021-08-02T13:51:00+00:00,entry,partial_retrace_50
missing_in_runtime,IWM,short,2021-08-25T14:05:00+00:00,entry,partial_retrace_50
missing_in_runtime,IWM,short,2021-08-25T14:06:00+00:00,entry,partial_retrace_50
missing_in_runtime,IWM,short,2021-09-15T13:53:00+00:00,entry,partial_retrace_50
missing_in_runtime,IWM,short,2021-09-15T13:54:00+00:00,entry,partial_retrace_50
missing_in_runtime,IWM,short,2021-09-22T14:12:00+00:00,entry,fixed_1r
missing_in_runtime,IWM,short,2022-02-24T15:05:00+00:00,entry,fixed_1r
missing_in_runtime,IWM,short,2022-04-29T14:14:00+00:00,entry,fixed_1r
missing_in_runtime,IWM,short,2022-12-12T15:14:00+00:00,entry,fixed_1r
missing_in_runtime,IWM,short,2023-07-07T14:05:00+00:00,entry,fixed_1r
missing_in_runtime,IWM,short,2023-07-07T14:06:00+00:00,entry,fixed_1r
missing_in_runtime,IWM,short,2023-07-07T14:07:00+00:00,entry,fixed_1r
missing_in_runtime,IWM,short,2023-11-29T15:09:00+00:00,entry,fixed_1r
missing_in_runtime,IWM,short,2021-08-02T13:51:00+00:00,entry,fixed_1r
missing_in_runtime,IWM,short,2021-08-25T14:05:00+00:00,entry,fixed_1r
missing_in_runtime,IWM,short,2021-08-25T14:06:00+00:00,entry,fixed_1r
missing_in_runtime,IWM,short,2021-11-02T14:13:00+00:00,entry,fixed_1r
missing_in_runtime,IWM,short,2021-11-02T14:14:00+00:00,entry,fixed_1r
missing_in_runtime,IWM,short,2022-02-22T14:59:00+00:00,entry,fixed_1r
missing_in_runtime,IWM,short,2022-02-24T15:01:00+00:00,entry,fixed_1r
missing_in_runtime,IWM,short,2022-02-24T15:02:00+00:00,entry,fixed_1r
missing_in_runtime,IWM,short,2024-08-05T14:07:00+00:00,entry,fixed_1r
missing_in_runtime,IWM,short,2021-05-13T14:07:00+00:00,entry,fixed_1r
missing_in_runtime,IWM,short,2021-09-22T14:00:00+00:00,entry,fixed_1r
missing_in_runtime,IWM,short,2022-06-15T14:09:00+00:00,entry,fixed_1r
missing_in_runtime,IWM,short,2022-06-15T14:11:00+00:00,entry,fixed_1r
missing_in_runtime,IWM,short,2022-11-25T15:15:00+00:00,entry,fixed_1r
missing_in_runtime,IWM,short,2022-12-12T15:13:00+00:00,entry,fixed_1r
missing_in_runtime,IWM,short,2022-12-12T15:14:00+00:00,entry,fixed_1r
missing_in_runtime,IWM,short,2025-04-25T14:15:00+00:00,entry,fixed_1r
missing_in_runtime,IWM,short,2021-05-13T14:07:00+00:00,entry,fixed_2r
missing_in_runtime,IWM,short,2021-05-27T14:00:00+00:00,entry,fixed_2r
missing_in_runtime,IWM,short,2021-07-09T13:48:00+00:00,entry,fixed_2r
missing_in_runtime,IWM,short,2021-08-02T13:51:00+00:00,entry,fixed_2r
missing_in_runtime,IWM,short,2021-08-25T14:05:00+00:00,entry,fixed_2r
missing_in_runtime,IWM,short,2021-08-25T14:06:00+00:00,entry,fixed_2r
missing_in_runtime,IWM,short,2021-09-15T13:53:00+00:00,entry,fixed_2r
missing_in_runtime,IWM,short,2021-09-15T13:54:00+00:00,entry,fixed_2r
missing_in_runtime,IWM,short,2021-09-15T13:53:00+00:00,entry,fixed_1r
missing_in_runtime,IWM,short,2021-09-30T13:58:00+00:00,entry,fixed_1r
missing_in_runtime,IWM,short,2021-10-04T14:01:00+00:00,entry,fixed_1r
missing_in_runtime,IWM,short,2022-02-28T15:01:00+00:00,entry,fixed_1r
missing_in_runtime,IWM,short,2022-05-27T14:00:00+00:00,entry,fixed_1r
missing_in_runtime,IWM,short,2022-10-04T14:08:00+00:00,entry,fixed_1r
missing_in_runtime,IWM,short,2022-11-29T15:11:00+00:00,entry,fixed_1r
missing_in_runtime,IWM,short,2023-03-02T14:57:00+00:00,entry,fixed_1r
missing_in_runtime,IWM,short,2021-08-02T13:51:00+00:00,entry,fixed_1r
missing_in_runtime,IWM,short,2021-08-25T14:05:00+00:00,entry,fixed_1r
missing_in_runtime,IWM,short,2021-08-25T14:06:00+00:00,entry,fixed_1r
missing_in_runtime,IWM,short,2021-09-29T13:58:00+00:00,entry,fixed_1r
missing_in_runtime,IWM,short,2021-09-30T13:58:00+00:00,entry,fixed_1r
missing_in_runtime,IWM,short,2021-09-30T13:59:00+00:00,entry,fixed_1r
missing_in_runtime,IWM,short,2021-10-04T14:01:00+00:00,entry,fixed_1r
missing_in_runtime,IWM,short,2021-10-29T14:11:00+00:00,entry,fixed_1r
missing_in_runtime,IWM,short,2021-08-02T13:51:00+00:00,entry,fixed_1r
missing_in_runtime,IWM,short,2021-08-25T14:05:00+00:00,entry,fixed_1r
missing_in_runtime,IWM,short,2021-08-25T14:06:00+00:00,entry,fixed_1r
missing_in_runtime,IWM,short,2021-11-02T14:13:00+00:00,entry,fixed_1r
missing_in_runtime,IWM,short,2021-11-02T14:14:00+00:00,entry,fixed_1r
missing_in_runtime,IWM,short,2022-02-22T14:59:00+00:00,entry,fixed_1r
missing_in_runtime,IWM,short,2022-02-24T15:01:00+00:00,entry,fixed_1r
missing_in_runtime,IWM,short,2022-02-24T15:02:00+00:00,entry,fixed_1r
missing_in_runtime,IWM,short,2022-03-10T15:01:00+00:00,entry,fixed_1r
missing_in_runtime,IWM,short,2022-10-13T13:58:00+00:00,entry,fixed_1r
missing_in_runtime,IWM,short,2024-11-06T14:44:00+00:00,entry,fixed_1r
missing_in_runtime,IWM,short,2024-11-06T14:46:00+00:00,entry,fixed_1r
missing_in_runtime,IWM,short,2024-11-06T14:47:00+00:00,entry,fixed_1r
missing_in_runtime,IWM,short,2021-05-13T14:07:00+00:00,entry,fixed_1r
missing_in_runtime,IWM,short,2021-05-27T14:00:00+00:00,entry,fixed_1r
missing_in_runtime,IWM,short,2021-07-09T13:48:00+00:00,entry,fixed_1r
missing_in_runtime,IWM,short,2021-08-02T13:51:00+00:00,entry,fixed_1r
missing_in_runtime,IWM,short,2021-08-25T14:05:00+00:00,entry,fixed_1r
missing_in_runtime,IWM,short,2021-08-25T14:06:00+00:00,entry,fixed_1r
missing_in_runtime,IWM,short,2021-09-15T13:53:00+00:00,entry,fixed_1r
missing_in_runtime,IWM,short,2021-09-15T13:54:00+00:00,entry,fixed_1r
missing_in_runtime,IWM,short,2021-05-13T14:07:00+00:00,entry,market_pulse_flip
missing_in_runtime,IWM,short,2021-05-27T14:00:00+00:00,entry,market_pulse_flip
missing_in_runtime,IWM,short,2021-07-09T13:48:00+00:00,entry,market_pulse_flip
missing_in_runtime,IWM,short,2021-08-02T13:51:00+00:00,entry,market_pulse_flip
missing_in_runtime,IWM,short,2021-08-25T14:05:00+00:00,entry,market_pulse_flip
missing_in_runtime,IWM,short,2021-08-25T14:06:00+00:00,entry,market_pulse_flip
missing_in_runtime,IWM,short,2021-09-15T13:53:00+00:00,entry,market_pulse_flip
missing_in_runtime,IWM,short,2021-09-15T13:54:00+00:00,entry,market_pulse_flip
missing_in_runtime,IWM,short,2021-05-13T14:07:00+00:00,entry,vwap_return
missing_in_runtime,IWM,short,2021-05-27T14:00:00+00:00,entry,vwap_return
missing_in_runtime,IWM,short,2021-07-09T13:48:00+00:00,entry,vwap_return
missing_in_runtime,IWM,short,2021-08-02T13:51:00+00:00,entry,vwap_return
missing_in_runtime,IWM,short,2021-08-25T14:05:00+00:00,entry,vwap_return
missing_in_runtime,IWM,short,2021-08-25T14:06:00+00:00,entry,vwap_return
missing_in_runtime,IWM,short,2021-09-15T13:53:00+00:00,entry,vwap_return
missing_in_runtime,IWM,short,2021-09-15T13:54:00+00:00,entry,vwap_return
missing_in_runtime,IWM,short,2021-05-13T14:07:00+00:00,entry,partial_retrace_50
missing_in_runtime,IWM,short,2021-05-27T14:00:00+00:00,entry,partial_retrace_50
missing_in_runtime,IWM,short,2021-07-09T13:48:00+00:00,entry,partial_retrace_50
missing_in_runtime,IWM,short,2021-08-02T13:51:00+00:00,entry,partial_retrace_50
missing_in_runtime,IWM,short,2021-08-25T14:05:00+00:00,entry,partial_retrace_50
missing_in_runtime,IWM,short,2021-08-25T14:06:00+00:00,entry,partial_retrace_50
missing_in_runtime,IWM,short,2021-09-15T13:53:00+00:00,entry,partial_retrace_50
missing_in_runtime,IWM,short,2021-09-15T13:54:00+00:00,entry,partial_retrace_50
missing_in_runtime,IWM,short,2021-05-13T14:07:00+00:00,entry,fixed_1r
missing_in_runtime,IWM,short,2021-05-27T14:00:00+00:00,entry,fixed_1r
missing_in_runtime,IWM,short,2021-07-09T13:48:00+00:00,entry,fixed_1r
missing_in_runtime,IWM,short,2021-08-02T13:51:00+00:00,entry,fixed_1r
missing_in_runtime,IWM,short,2021-08-25T14:05:00+00:00,entry,fixed_1r
missing_in_runtime,IWM,short,2021-08-25T14:06:00+00:00,entry,fixed_1r
missing_in_runtime,IWM,short,2021-09-15T13:53:00+00:00,entry,fixed_1r
missing_in_runtime,IWM,short,2021-09-15T13:54:00+00:00,entry,fixed_1r
missing_in_runtime,IWM,short,2021-05-13T14:07:00+00:00,entry,market_pulse_flip
missing_in_runtime,IWM,short,2021-05-27T14:00:00+00:00,entry,market_pulse_flip
missing_in_runtime,IWM,short,2021-07-09T13:48:00+00:00,entry,market_pulse_flip
missing_in_runtime,IWM,short,2021-08-02T13:51:00+00:00,entry,market_pulse_flip
missing_in_runtime,IWM,short,2021-08-25T14:05:00+00:00,entry,market_pulse_flip
missing_in_runtime,IWM,short,2021-08-25T14:06:00+00:00,entry,market_pulse_flip
missing_in_runtime,IWM,short,2021-09-15T13:53:00+00:00,entry,market_pulse_flip
missing_in_runtime,IWM,short,2021-09-15T13:54:00+00:00,entry,market_pulse_flip
missing_in_runtime,IWM,short,2021-05-27T14:00:00+00:00,entry,fixed_1r
missing_in_runtime,IWM,short,2021-08-25T14:05:00+00:00,entry,fixed_1r
missing_in_runtime,IWM,short,2021-10-04T14:01:00+00:00,entry,fixed_1r
missing_in_runtime,IWM,short,2021-10-29T14:11:00+00:00,entry,fixed_1r
missing_in_runtime,IWM,short,2022-02-24T15:01:00+00:00,entry,fixed_1r
missing_in_runtime,IWM,short,2022-06-03T14:05:00+00:00,entry,fixed_1r
missing_in_runtime,IWM,short,2022-10-04T14:08:00+00:00,entry,fixed_1r
missing_in_runtime,IWM,short,2022-10-13T13:58:00+00:00,entry,fixed_1r
missing_in_runtime,IWM,short,2021-05-13T14:07:00+00:00,entry,vwap_return
missing_in_runtime,IWM,short,2021-05-27T14:00:00+00:00,entry,vwap_return
missing_in_runtime,IWM,short,2021-07-09T13:48:00+00:00,entry,vwap_return
missing_in_runtime,IWM,short,2021-08-02T13:51:00+00:00,entry,vwap_return
missing_in_runtime,IWM,short,2021-08-25T14:05:00+00:00,entry,vwap_return
missing_in_runtime,IWM,short,2021-08-25T14:06:00+00:00,entry,vwap_return
missing_in_runtime,IWM,short,2021-09-15T13:53:00+00:00,entry,vwap_return
missing_in_runtime,IWM,short,2021-09-15T13:54:00+00:00,entry,vwap_return
missing_in_runtime,IWM,short,2021-08-02T13:51:00+00:00,entry,fixed_1r
missing_in_runtime,IWM,short,2021-08-25T14:05:00+00:00,entry,fixed_1r
missing_in_runtime,IWM,short,2021-08-25T14:06:00+00:00,entry,fixed_1r
missing_in_runtime,IWM,short,2021-11-02T14:13:00+00:00,entry,fixed_1r
missing_in_runtime,IWM,short,2021-11-02T14:14:00+00:00,entry,fixed_1r
missing_in_runtime,IWM,short,2022-02-22T14:59:00+00:00,entry,fixed_1r
missing_in_runtime,IWM,short,2022-02-24T15:01:00+00:00,entry,fixed_1r
missing_in_runtime,IWM,short,2022-02-24T15:02:00+00:00,entry,fixed_1r
missing_in_runtime,IWM,short,2021-05-13T14:07:00+00:00,entry,fixed_1r
missing_in_runtime,IWM,short,2021-05-13T14:08:00+00:00,entry,fixed_1r
missing_in_runtime,IWM,short,2021-05-18T14:13:00+00:00,entry,fixed_1r
missing_in_runtime,IWM,short,2021-05-25T13:46:00+00:00,entry,fixed_1r
missing_in_runtime,IWM,short,2021-06-01T14:12:00+00:00,entry,fixed_1r
missing_in_runtime,IWM,short,2021-06-07T14:04:00+00:00,entry,fixed_1r
missing_in_runtime,IWM,short,2021-06-10T13:42:00+00:00,entry,fixed_1r
missing_in_runtime,IWM,short,2021-06-25T13:54:00+00:00,entry,fixed_1r
missing_in_runtime,IWM,short,2021-05-13T14:07:00+00:00,entry,fixed_1r
missing_in_runtime,IWM,short,2021-05-13T14:08:00+00:00,entry,fixed_1r
missing_in_runtime,IWM,short,2021-06-01T14:12:00+00:00,entry,fixed_1r
missing_in_runtime,IWM,short,2021-07-01T13:48:00+00:00,entry,fixed_1r
missing_in_runtime,IWM,short,2021-08-02T13:51:00+00:00,entry,fixed_1r
missing_in_runtime,IWM,short,2021-09-15T13:53:00+00:00,entry,fixed_1r
missing_in_runtime,IWM,short,2021-09-15T13:54:00+00:00,entry,fixed_1r
missing_in_runtime,IWM,short,2021-09-22T14:00:00+00:00,entry,fixed_1r
missing_in_runtime,IWM,short,2023-11-14T15:07:00+00:00,entry,fixed_1r
missing_in_runtime,IWM,short,2025-10-13T14:02:00+00:00,entry,fixed_1r
missing_in_runtime,IWM,short,2021-05-13T14:07:00+00:00,entry,time_stop
missing_in_runtime,IWM,short,2021-05-27T14:00:00+00:00,entry,time_stop
missing_in_runtime,IWM,short,2021-07-09T13:48:00+00:00,entry,time_stop
missing_in_runtime,IWM,short,2021-08-02T13:51:00+00:00,entry,time_stop
missing_in_runtime,IWM,short,2021-08-25T14:05:00+00:00,entry,time_stop
missing_in_runtime,IWM,short,2021-08-25T14:06:00+00:00,entry,time_stop
missing_in_runtime,IWM,short,2021-09-15T13:53:00+00:00,entry,time_stop
missing_in_runtime,IWM,short,2021-09-15T13:54:00+00:00,entry,time_stop
missing_in_runtime,IWM,short,2021-05-27T14:00:00+00:00,entry,fixed_1r
missing_in_runtime,IWM,short,2021-07-09T13:48:00+00:00,entry,fixed_1r
missing_in_runtime,IWM,short,2021-09-22T14:00:00+00:00,entry,fixed_1r
missing_in_runtime,IWM,short,2021-09-30T13:58:00+00:00,entry,fixed_1r
missing_in_runtime,IWM,short,2021-09-30T13:59:00+00:00,entry,fixed_1r
missing_in_runtime,IWM,short,2021-11-08T14:55:00+00:00,entry,fixed_1r
missing_in_runtime,IWM,short,2022-06-15T14:09:00+00:00,entry,fixed_1r
missing_in_runtime,IWM,short,2022-06-15T14:11:00+00:00,entry,fixed_1r
missing_in_runtime,IWM,short,2021-05-27T14:00:00+00:00,entry,fixed_1r
missing_in_runtime,IWM,short,2021-08-02T13:51:00+00:00,entry,fixed_1r
missing_in_runtime,IWM,short,2021-08-25T14:05:00+00:00,entry,fixed_1r
missing_in_runtime,IWM,short,2021-08-25T14:06:00+00:00,entry,fixed_1r
missing_in_runtime,IWM,short,2021-09-22T14:00:00+00:00,entry,fixed_1r
missing_in_runtime,IWM,short,2021-10-04T14:01:00+00:00,entry,fixed_1r
missing_in_runtime,IWM,short,2021-10-29T14:11:00+00:00,entry,fixed_1r
missing_in_runtime,IWM,short,2022-02-10T15:14:00+00:00,entry,fixed_1r
missing_in_runtime,IWM,short,2022-02-24T15:02:00+00:00,entry,fixed_1r
missing_in_runtime,IWM,short,2023-11-14T15:07:00+00:00,entry,fixed_1r
missing_in_runtime,IWM,short,2024-01-03T15:09:00+00:00,entry,fixed_1r
missing_in_runtime,IWM,short,2026-01-12T14:45:00+00:00,entry,fixed_1r
missing_in_runtime,IWM,short,2021-05-13T14:07:00+00:00,entry,fixed_1_5r
missing_in_runtime,IWM,short,2021-05-27T14:00:00+00:00,entry,fixed_1_5r
missing_in_runtime,IWM,short,2021-07-09T13:48:00+00:00,entry,fixed_1_5r
missing_in_runtime,IWM,short,2021-08-02T13:51:00+00:00,entry,fixed_1_5r
missing_in_runtime,IWM,short,2021-08-25T14:05:00+00:00,entry,fixed_1_5r
missing_in_runtime,IWM,short,2021-08-25T14:06:00+00:00,entry,fixed_1_5r
missing_in_runtime,IWM,short,2021-09-15T13:53:00+00:00,entry,fixed_1_5r
missing_in_runtime,IWM,short,2021-09-15T13:54:00+00:00,entry,fixed_1_5r
missing_in_runtime,IWM,short,2021-05-13T14:07:00+00:00,entry,fixed_2r
missing_in_runtime,IWM,short,2021-05-27T14:00:00+00:00,entry,fixed_2r
missing_in_runtime,IWM,short,2021-07-09T13:48:00+00:00,entry,fixed_2r
missing_in_runtime,IWM,short,2021-08-02T13:51:00+00:00,entry,fixed_2r
missing_in_runtime,IWM,short,2021-08-25T14:05:00+00:00,entry,fixed_2r
missing_in_runtime,IWM,short,2021-08-25T14:06:00+00:00,entry,fixed_2r
missing_in_runtime,IWM,short,2021-09-15T13:53:00+00:00,entry,fixed_2r
missing_in_runtime,IWM,short,2021-09-15T13:54:00+00:00,entry,fixed_2r
missing_in_runtime,IWM,short,2021-05-13T14:07:00+00:00,entry,fixed_2r
missing_in_runtime,IWM,short,2021-05-27T14:00:00+00:00,entry,fixed_2r
missing_in_runtime,IWM,short,2021-07-09T13:48:00+00:00,entry,fixed_2r
missing_in_runtime,IWM,short,2021-08-02T13:51:00+00:00,entry,fixed_2r
missing_in_runtime,IWM,short,2021-08-25T14:05:00+00:00,entry,fixed_2r
missing_in_runtime,IWM,short,2021-08-25T14:06:00+00:00,entry,fixed_2r
missing_in_runtime,IWM,short,2021-09-15T13:53:00+00:00,entry,fixed_2r
missing_in_runtime,IWM,short,2021-09-15T13:54:00+00:00,entry,fixed_2r
missing_in_runtime,IWM,short,2021-05-27T14:00:00+00:00,entry,fixed_1r
missing_in_runtime,IWM,short,2021-07-09T13:48:00+00:00,entry,fixed_1r
missing_in_runtime,IWM,short,2021-08-02T13:51:00+00:00,entry,fixed_1r
missing_in_runtime,IWM,short,2021-09-15T13:53:00+00:00,entry,fixed_1r
missing_in_runtime,IWM,short,2021-09-15T13:54:00+00:00,entry,fixed_1r
missing_in_runtime,IWM,short,2021-09-22T14:00:00+00:00,entry,fixed_1r
missing_in_runtime,IWM,short,2021-09-29T13:58:00+00:00,entry,fixed_1r
missing_in_runtime,IWM,short,2021-09-30T13:58:00+00:00,entry,fixed_1r
missing_in_runtime,IWM,short,2021-11-05T13:56:00+00:00,entry,fixed_1r
missing_in_runtime,IWM,short,2021-11-05T13:57:00+00:00,entry,fixed_1r
missing_in_runtime,IWM,short,2021-11-05T13:58:00+00:00,entry,fixed_1r
missing_in_runtime,IWM,short,2021-11-05T13:59:00+00:00,entry,fixed_1r
missing_in_runtime,IWM,short,2021-11-05T14:08:00+00:00,entry,fixed_1r
missing_in_runtime,IWM,short,2021-11-05T14:09:00+00:00,entry,fixed_1r
missing_in_runtime,IWM,short,2021-11-29T14:37:00+00:00,entry,fixed_1r
missing_in_runtime,IWM,short,2022-08-10T13:53:00+00:00,entry,fixed_1r
missing_in_runtime,IWM,short,2022-04-29T14:14:00+00:00,entry,fixed_1r
missing_in_runtime,IWM,short,2023-07-07T14:06:00+00:00,entry,fixed_1r
missing_in_runtime,IWM,short,2023-07-07T14:07:00+00:00,entry,fixed_1r
missing_in_runtime,IWM,short,2024-08-16T14:09:00+00:00,entry,fixed_1r
missing_in_runtime,IWM,short,2021-05-13T14:07:00+00:00,entry,fixed_1r
missing_in_runtime,IWM,short,2021-05-13T14:08:00+00:00,entry,fixed_1r
missing_in_runtime,IWM,short,2022-11-21T14:55:00+00:00,entry,fixed_1r
missing_in_runtime,IWM,short,2023-09-18T14:06:00+00:00,entry,fixed_1r
missing_in_runtime,IWM,short,2025-08-19T14:08:00+00:00,entry,fixed_1r
missing_in_runtime,IWM,short,2021-08-23T13:56:00+00:00,entry,fixed_1r
missing_in_runtime,IWM,short,2021-10-28T13:59:00+00:00,entry,fixed_1r
missing_in_runtime,IWM,short,2021-10-28T14:00:00+00:00,entry,fixed_1r
missing_in_runtime,IWM,short,2021-10-28T14:07:00+00:00,entry,fixed_1r
missing_in_runtime,IWM,short,2021-11-01T14:00:00+00:00,entry,fixed_1r
missing_in_runtime,IWM,short,2021-11-01T14:01:00+00:00,entry,fixed_1r
missing_in_runtime,IWM,short,2021-11-05T13:56:00+00:00,entry,fixed_1r
missing_in_runtime,IWM,short,2021-11-05T13:57:00+00:00,entry,fixed_1r
missing_in_runtime,IWM,short,2021-05-13T14:07:00+00:00,entry,fixed_1r
missing_in_runtime,IWM,short,2021-05-13T14:08:00+00:00,entry,fixed_1r
missing_in_runtime,IWM,short,2022-11-21T14:55:00+00:00,entry,fixed_1r
missing_in_runtime,IWM,short,2026-01-12T14:45:00+00:00,entry,fixed_1r
missing_in_runtime,QQQ,long,2021-06-01T13:59:00+00:00,entry,market_pulse_flip
missing_in_runtime,QQQ,long,2021-06-01T14:00:00+00:00,entry,market_pulse_flip
missing_in_runtime,QQQ,long,2021-06-02T14:06:00+00:00,entry,market_pulse_flip
missing_in_runtime,QQQ,long,2021-06-09T13:56:00+00:00,entry,market_pulse_flip
missing_in_runtime,QQQ,long,2021-06-09T13:57:00+00:00,entry,market_pulse_flip
missing_in_runtime,QQQ,long,2021-06-18T13:56:00+00:00,entry,market_pulse_flip
missing_in_runtime,QQQ,long,2021-06-30T14:02:00+00:00,entry,market_pulse_flip
missing_in_runtime,QQQ,long,2021-07-07T14:10:00+00:00,entry,market_pulse_flip
missing_in_runtime,QQQ,long,2021-06-01T13:59:00+00:00,entry,fixed_1r
missing_in_runtime,QQQ,long,2021-06-02T14:06:00+00:00,entry,fixed_1r
missing_in_runtime,QQQ,long,2021-06-09T13:57:00+00:00,entry,fixed_1r
missing_in_runtime,QQQ,long,2021-07-07T14:10:00+00:00,entry,fixed_1r
missing_in_runtime,QQQ,long,2021-07-07T14:12:00+00:00,entry,fixed_1r
missing_in_runtime,QQQ,long,2021-09-14T14:06:00+00:00,entry,fixed_1r
missing_in_runtime,QQQ,long,2021-10-06T14:07:00+00:00,entry,fixed_1r
missing_in_runtime,QQQ,long,2021-12-09T15:01:00+00:00,entry,fixed_1r
missing_in_runtime,QQQ,long,2021-06-01T13:59:00+00:00,entry,fixed_1r
missing_in_runtime,QQQ,long,2021-06-02T14:06:00+00:00,entry,fixed_1r
missing_in_runtime,QQQ,long,2021-06-09T13:57:00+00:00,entry,fixed_1r
missing_in_runtime,QQQ,long,2021-07-07T14:10:00+00:00,entry,fixed_1r
missing_in_runtime,QQQ,long,2021-07-07T14:12:00+00:00,entry,fixed_1r
missing_in_runtime,QQQ,long,2021-09-14T14:06:00+00:00,entry,fixed_1r
missing_in_runtime,QQQ,long,2021-10-06T14:07:00+00:00,entry,fixed_1r
missing_in_runtime,QQQ,long,2021-12-09T15:01:00+00:00,entry,fixed_1r
missing_in_runtime,QQQ,long,2021-06-01T13:59:00+00:00,entry,fixed_1r
missing_in_runtime,QQQ,long,2021-06-01T14:00:00+00:00,entry,fixed_1r
missing_in_runtime,QQQ,long,2021-06-02T14:06:00+00:00,entry,fixed_1r
missing_in_runtime,QQQ,long,2021-06-09T13:56:00+00:00,entry,fixed_1r
missing_in_runtime,QQQ,long,2021-06-09T13:57:00+00:00,entry,fixed_1r
missing_in_runtime,QQQ,long,2021-06-18T13:56:00+00:00,entry,fixed_1r
missing_in_runtime,QQQ,long,2021-06-30T14:02:00+00:00,entry,fixed_1r
missing_in_runtime,QQQ,long,2021-07-07T14:10:00+00:00,entry,fixed_1r
missing_in_runtime,QQQ,long,2021-07-12T13:44:00+00:00,entry,fixed_1r
missing_in_runtime,QQQ,long,2023-02-09T14:47:00+00:00,entry,fixed_1r
missing_in_runtime,QQQ,long,2023-08-04T13:47:00+00:00,entry,fixed_1r
missing_in_runtime,QQQ,long,2025-10-06T13:47:00+00:00,entry,fixed_1r
missing_in_runtime,QQQ,long,2021-05-19T13:43:00+00:00,entry,fixed_1r
missing_in_runtime,QQQ,long,2021-05-19T14:09:00+00:00,entry,fixed_1r
missing_in_runtime,QQQ,long,2021-05-19T14:10:00+00:00,entry,fixed_1r
missing_in_runtime,QQQ,long,2021-06-03T13:54:00+00:00,entry,fixed_1r
missing_in_runtime,QQQ,long,2021-06-03T13:55:00+00:00,entry,fixed_1r
missing_in_runtime,QQQ,long,2021-06-03T13:56:00+00:00,entry,fixed_1r
missing_in_runtime,QQQ,long,2021-06-03T13:57:00+00:00,entry,fixed_1r
missing_in_runtime,QQQ,long,2021-06-03T14:04:00+00:00,entry,fixed_1r
missing_in_runtime,QQQ,long,2021-05-13T13:53:00+00:00,entry,fixed_1r
missing_in_runtime,QQQ,long,2021-05-19T14:09:00+00:00,entry,fixed_1r
missing_in_runtime,QQQ,long,2021-05-26T14:09:00+00:00,entry,fixed_1r
missing_in_runtime,QQQ,long,2021-06-01T13:59:00+00:00,entry,fixed_1r
missing_in_runtime,QQQ,long,2021-06-01T14:00:00+00:00,entry,fixed_1r
missing_in_runtime,QQQ,long,2021-06-02T14:06:00+00:00,entry,fixed_1r
missing_in_runtime,QQQ,long,2021-06-03T13:54:00+00:00,entry,fixed_1r
missing_in_runtime,QQQ,long,2021-06-09T13:56:00+00:00,entry,fixed_1r
missing_in_runtime,QQQ,long,2021-12-09T15:01:00+00:00,entry,fixed_1r
missing_in_runtime,QQQ,long,2022-02-08T15:06:00+00:00,entry,fixed_1r
missing_in_runtime,QQQ,long,2022-08-26T13:54:00+00:00,entry,fixed_1r
missing_in_runtime,QQQ,long,2022-08-26T13:55:00+00:00,entry,fixed_1r
missing_in_runtime,QQQ,long,2022-12-13T15:11:00+00:00,entry,fixed_1r
missing_in_runtime,QQQ,long,2023-02-10T15:08:00+00:00,entry,fixed_1r
missing_in_runtime,QQQ,long,2023-06-29T14:15:00+00:00,entry,fixed_1r
missing_in_runtime,QQQ,long,2023-09-14T13:59:00+00:00,entry,fixed_1r
missing_in_runtime,QQQ,long,2024-08-05T13:36:00+00:00,entry,fixed_1r
missing_in_runtime,QQQ,long,2024-08-05T13:37:00+00:00,entry,fixed_1r
missing_in_runtime,QQQ,long,2025-04-03T14:15:00+00:00,entry,fixed_1r
missing_in_runtime,QQQ,long,2025-08-01T14:09:00+00:00,entry,fixed_1r
missing_in_runtime,QQQ,long,2021-06-01T14:00:00+00:00,entry,fixed_1r
missing_in_runtime,QQQ,long,2021-06-09T13:57:00+00:00,entry,fixed_1r
missing_in_runtime,QQQ,long,2021-07-07T14:11:00+00:00,entry,fixed_1r
missing_in_runtime,QQQ,long,2021-07-07T14:12:00+00:00,entry,fixed_1r
missing_in_runtime,QQQ,long,2022-08-02T14:15:00+00:00,entry,fixed_1r
missing_in_runtime,QQQ,long,2022-09-28T14:14:00+00:00,entry,fixed_1r
missing_in_runtime,QQQ,long,2023-02-08T14:59:00+00:00,entry,fixed_1r
missing_in_runtime,QQQ,long,2023-11-08T15:09:00+00:00,entry,fixed_1r
missing_in_runtime,QQQ,long,2021-06-01T13:59:00+00:00,entry,fixed_1_5r
missing_in_runtime,QQQ,long,2021-06-01T14:00:00+00:00,entry,fixed_1_5r
missing_in_runtime,QQQ,long,2021-06-02T14:06:00+00:00,entry,fixed_1_5r
missing_in_runtime,QQQ,long,2021-06-09T13:56:00+00:00,entry,fixed_1_5r
missing_in_runtime,QQQ,long,2021-06-09T13:57:00+00:00,entry,fixed_1_5r
missing_in_runtime,QQQ,long,2021-06-18T13:56:00+00:00,entry,fixed_1_5r
missing_in_runtime,QQQ,long,2021-06-30T14:02:00+00:00,entry,fixed_1_5r
missing_in_runtime,QQQ,long,2021-07-07T14:10:00+00:00,entry,fixed_1_5r
missing_in_runtime,QQQ,long,2021-06-02T14:06:00+00:00,entry,fixed_1r
missing_in_runtime,QQQ,long,2021-06-30T14:02:00+00:00,entry,fixed_1r
missing_in_runtime,QQQ,long,2021-08-25T13:56:00+00:00,entry,fixed_1r
missing_in_runtime,QQQ,long,2021-11-01T14:09:00+00:00,entry,fixed_1r
missing_in_runtime,QQQ,long,2021-12-09T15:01:00+00:00,entry,fixed_1r
missing_in_runtime,QQQ,long,2021-12-22T15:10:00+00:00,entry,fixed_1r
missing_in_runtime,QQQ,long,2022-01-07T15:13:00+00:00,entry,fixed_1r
missing_in_runtime,QQQ,long,2022-01-21T14:46:00+00:00,entry,fixed_1r
missing_in_runtime,QQQ,long,2021-06-01T13:59:00+00:00,entry,time_stop
missing_in_runtime,QQQ,long,2021-06-01T14:00:00+00:00,entry,time_stop
missing_in_runtime,QQQ,long,2021-06-02T14:06:00+00:00,entry,time_stop
missing_in_runtime,QQQ,long,2021-06-09T13:56:00+00:00,entry,time_stop
missing_in_runtime,QQQ,long,2021-06-09T13:57:00+00:00,entry,time_stop
missing_in_runtime,QQQ,long,2021-06-18T13:56:00+00:00,entry,time_stop
missing_in_runtime,QQQ,long,2021-06-30T14:02:00+00:00,entry,time_stop
missing_in_runtime,QQQ,long,2021-07-07T14:10:00+00:00,entry,time_stop
missing_in_runtime,QQQ,long,2021-06-01T13:59:00+00:00,entry,partial_retrace_50
missing_in_runtime,QQQ,long,2021-06-01T14:00:00+00:00,entry,partial_retrace_50
missing_in_runtime,QQQ,long,2021-06-02T14:06:00+00:00,entry,partial_retrace_50
missing_in_runtime,QQQ,long,2021-06-09T13:56:00+00:00,entry,partial_retrace_50
missing_in_runtime,QQQ,long,2021-06-09T13:57:00+00:00,entry,partial_retrace_50
missing_in_runtime,QQQ,long,2021-06-18T13:56:00+00:00,entry,partial_retrace_50
missing_in_runtime,QQQ,long,2021-06-30T14:02:00+00:00,entry,partial_retrace_50
missing_in_runtime,QQQ,long,2021-07-07T14:10:00+00:00,entry,partial_retrace_50
missing_in_runtime,QQQ,long,2021-06-01T13:59:00+00:00,entry,fixed_1_5r
missing_in_runtime,QQQ,long,2021-06-01T14:00:00+00:00,entry,fixed_1_5r
missing_in_runtime,QQQ,long,2021-06-02T14:06:00+00:00,entry,fixed_1_5r
missing_in_runtime,QQQ,long,2021-06-09T13:56:00+00:00,entry,fixed_1_5r
missing_in_runtime,QQQ,long,2021-06-09T13:57:00+00:00,entry,fixed_1_5r
missing_in_runtime,QQQ,long,2021-06-18T13:56:00+00:00,entry,fixed_1_5r
missing_in_runtime,QQQ,long,2021-06-30T14:02:00+00:00,entry,fixed_1_5r
missing_in_runtime,QQQ,long,2021-07-07T14:10:00+00:00,entry,fixed_1_5r
missing_in_runtime,QQQ,long,2021-06-01T13:59:00+00:00,entry,fixed_1r
missing_in_runtime,QQQ,long,2021-06-01T14:00:00+00:00,entry,fixed_1r
missing_in_runtime,QQQ,long,2021-06-02T14:06:00+00:00,entry,fixed_1r
missing_in_runtime,QQQ,long,2021-06-09T13:56:00+00:00,entry,fixed_1r
missing_in_runtime,QQQ,long,2021-06-09T13:57:00+00:00,entry,fixed_1r
missing_in_runtime,QQQ,long,2021-06-18T13:56:00+00:00,entry,fixed_1r
missing_in_runtime,QQQ,long,2021-06-30T14:02:00+00:00,entry,fixed_1r
missing_in_runtime,QQQ,long,2021-07-07T14:10:00+00:00,entry,fixed_1r
missing_in_runtime,QQQ,long,2021-06-18T13:56:00+00:00,entry,fixed_1r
missing_in_runtime,QQQ,long,2021-10-06T14:07:00+00:00,entry,fixed_1r
missing_in_runtime,QQQ,long,2021-10-22T13:54:00+00:00,entry,fixed_1r
missing_in_runtime,QQQ,long,2022-02-17T14:57:00+00:00,entry,fixed_1r
missing_in_runtime,QQQ,long,2022-04-26T14:07:00+00:00,entry,fixed_1r
missing_in_runtime,QQQ,long,2022-08-02T14:14:00+00:00,entry,fixed_1r
missing_in_runtime,QQQ,long,2022-08-02T14:15:00+00:00,entry,fixed_1r
missing_in_runtime,QQQ,long,2022-12-05T15:06:00+00:00,entry,fixed_1r
missing_in_runtime,QQQ,long,2021-06-02T14:06:00+00:00,entry,fixed_1r
missing_in_runtime,QQQ,long,2021-06-09T13:56:00+00:00,entry,fixed_1r
missing_in_runtime,QQQ,long,2021-06-09T13:57:00+00:00,entry,fixed_1r
missing_in_runtime,QQQ,long,2021-06-18T13:56:00+00:00,entry,fixed_1r
missing_in_runtime,QQQ,long,2021-06-30T14:02:00+00:00,entry,fixed_1r
missing_in_runtime,QQQ,long,2021-07-07T14:10:00+00:00,entry,fixed_1r
missing_in_runtime,QQQ,long,2021-07-07T14:11:00+00:00,entry,fixed_1r
missing_in_runtime,QQQ,long,2021-07-07T14:12:00+00:00,entry,fixed_1r
missing_in_runtime,QQQ,long,2021-05-21T14:23:00+00:00,entry,fixed_1r
missing_in_runtime,QQQ,long,2021-05-28T14:31:00+00:00,entry,fixed_1r
missing_in_runtime,QQQ,long,2021-06-01T13:59:00+00:00,entry,fixed_1r
missing_in_runtime,QQQ,long,2021-06-01T14:00:00+00:00,entry,fixed_1r
missing_in_runtime,QQQ,long,2021-06-02T14:06:00+00:00,entry,fixed_1r
missing_in_runtime,QQQ,long,2021-06-03T14:47:00+00:00,entry,fixed_1r
missing_in_runtime,QQQ,long,2021-06-07T14:21:00+00:00,entry,fixed_1r
missing_in_runtime,QQQ,long,2021-06-07T14:22:00+00:00,entry,fixed_1r
missing_in_runtime,QQQ,long,2021-06-01T13:59:00+00:00,entry,vwap_return
missing_in_runtime,QQQ,long,2021-06-01T14:00:00+00:00,entry,vwap_return
missing_in_runtime,QQQ,long,2021-06-02T14:06:00+00:00,entry,vwap_return
missing_in_runtime,QQQ,long,2021-06-09T13:56:00+00:00,entry,vwap_return
missing_in_runtime,QQQ,long,2021-06-09T13:57:00+00:00,entry,vwap_return
missing_in_runtime,QQQ,long,2021-06-18T13:56:00+00:00,entry,vwap_return
missing_in_runtime,QQQ,long,2021-06-30T14:02:00+00:00,entry,vwap_return
missing_in_runtime,QQQ,long,2021-07-07T14:10:00+00:00,entry,vwap_return
missing_in_runtime,QQQ,long,2022-12-05T15:06:00+00:00,entry,fixed_1r
missing_in_runtime,QQQ,long,2023-11-08T15:08:00+00:00,entry,fixed_1r
missing_in_runtime,QQQ,long,2024-04-15T14:15:00+00:00,entry,fixed_1r
missing_in_runtime,QQQ,long,2024-09-18T14:15:00+00:00,entry,fixed_1r
missing_in_runtime,QQQ,long,2024-10-23T14:11:00+00:00,entry,fixed_1r
missing_in_runtime,QQQ,long,2025-03-14T14:05:00+00:00,entry,fixed_1r
missing_in_runtime,QQQ,long,2021-06-01T14:00:00+00:00,entry,fixed_1r
missing_in_runtime,QQQ,long,2021-07-07T14:10:00+00:00,entry,fixed_1r
missing_in_runtime,QQQ,long,2021-07-07T14:12:00+00:00,entry,fixed_1r
missing_in_runtime,QQQ,long,2021-07-08T13:51:00+00:00,entry,fixed_1r
missing_in_runtime,QQQ,long,2022-02-08T15:06:00+00:00,entry,fixed_1r
missing_in_runtime,QQQ,long,2022-03-01T15:15:00+00:00,entry,fixed_1r
missing_in_runtime,QQQ,long,2022-03-09T14:57:00+00:00,entry,fixed_1r
missing_in_runtime,QQQ,long,2022-04-26T14:07:00+00:00,entry,fixed_1r
missing_in_runtime,QQQ,long,2021-06-01T13:59:00+00:00,entry,fixed_1r
missing_in_runtime,QQQ,long,2021-06-02T14:06:00+00:00,entry,fixed_1r
missing_in_runtime,QQQ,long,2021-06-09T13:57:00+00:00,entry,fixed_1r
missing_in_runtime,QQQ,long,2021-07-07T14:10:00+00:00,entry,fixed_1r
missing_in_runtime,QQQ,long,2021-07-07T14:12:00+00:00,entry,fixed_1r
missing_in_runtime,QQQ,long,2021-09-14T14:06:00+00:00,entry,fixed_1r
missing_in_runtime,QQQ,long,2021-10-06T14:07:00+00:00,entry,fixed_1r
missing_in_runtime,QQQ,long,2021-12-09T15:01:00+00:00,entry,fixed_1r
missing_in_runtime,QQQ,long,2021-06-01T13:59:00+00:00,entry,partial_retrace_50
missing_in_runtime,QQQ,long,2021-06-01T14:00:00+00:00,entry,partial_retrace_50
missing_in_runtime,QQQ,long,2021-06-02T14:06:00+00:00,entry,partial_retrace_50
missing_in_runtime,QQQ,long,2021-06-09T13:56:00+00:00,entry,partial_retrace_50
missing_in_runtime,QQQ,long,2021-06-09T13:57:00+00:00,entry,partial_retrace_50
missing_in_runtime,QQQ,long,2021-06-18T13:56:00+00:00,entry,partial_retrace_50
missing_in_runtime,QQQ,long,2021-06-30T14:02:00+00:00,entry,partial_retrace_50
missing_in_runtime,QQQ,long,2021-07-07T14:10:00+00:00,entry,partial_retrace_50
missing_in_runtime,QQQ,long,2021-12-15T15:03:00+00:00,entry,fixed_1r
missing_in_runtime,QQQ,long,2022-05-23T14:15:00+00:00,entry,fixed_1r
missing_in_runtime,QQQ,long,2022-10-11T14:14:00+00:00,entry,fixed_1r
missing_in_runtime,QQQ,long,2023-09-21T14:07:00+00:00,entry,fixed_1r
missing_in_runtime,QQQ,long,2023-12-07T15:05:00+00:00,entry,fixed_1r
missing_in_runtime,QQQ,long,2024-01-17T15:06:00+00:00,entry,fixed_1r
missing_in_runtime,QQQ,long,2024-02-15T15:10:00+00:00,entry,fixed_1r
missing_in_runtime,QQQ,long,2025-02-20T15:15:00+00:00,entry,fixed_1r
missing_in_runtime,QQQ,long,2021-06-09T13:56:00+00:00,entry,fixed_1r
missing_in_runtime,QQQ,long,2021-06-09T13:57:00+00:00,entry,fixed_1r
missing_in_runtime,QQQ,long,2021-07-12T13:44:00+00:00,entry,fixed_1r
missing_in_runtime,QQQ,long,2021-09-14T14:06:00+00:00,entry,fixed_1r
missing_in_runtime,QQQ,long,2021-10-06T14:07:00+00:00,entry,fixed_1r
missing_in_runtime,QQQ,long,2022-02-08T15:06:00+00:00,entry,fixed_1r
missing_in_runtime,QQQ,long,2022-04-01T13:58:00+00:00,entry,fixed_1r
missing_in_runtime,QQQ,long,2022-05-04T14:11:00+00:00,entry,fixed_1r
missing_in_runtime,QQQ,long,2021-07-08T13:51:00+00:00,entry,fixed_1r
missing_in_runtime,QQQ,long,2022-09-13T14:06:00+00:00,entry,fixed_1r
missing_in_runtime,QQQ,long,2021-06-30T14:02:00+00:00,entry,fixed_1r
missing_in_runtime,QQQ,long,2021-07-08T13:51:00+00:00,entry,fixed_1r
missing_in_runtime,QQQ,long,2021-10-06T14:07:00+00:00,entry,fixed_1r
missing_in_runtime,QQQ,long,2021-10-22T13:54:00+00:00,entry,fixed_1r
missing_in_runtime,QQQ,long,2021-11-01T14:09:00+00:00,entry,fixed_1r
missing_in_runtime,QQQ,long,2021-12-09T15:01:00+00:00,entry,fixed_1r
missing_in_runtime,QQQ,long,2022-01-07T15:13:00+00:00,entry,fixed_1r
missing_in_runtime,QQQ,long,2022-01-21T14:46:00+00:00,entry,fixed_1r
missing_in_runtime,QQQ,long,2021-06-01T13:59:00+00:00,entry,fixed_1r
missing_in_runtime,QQQ,long,2021-06-01T14:00:00+00:00,entry,fixed_1r
missing_in_runtime,QQQ,long,2022-05-04T14:11:00+00:00,entry,fixed_1r
missing_in_runtime,QQQ,long,2022-05-31T14:14:00+00:00,entry,fixed_1r
missing_in_runtime,QQQ,long,2023-10-04T14:13:00+00:00,entry,fixed_1r
missing_in_runtime,QQQ,long,2024-05-07T13:55:00+00:00,entry,fixed_1r
missing_in_runtime,QQQ,long,2024-12-05T15:01:00+00:00,entry,fixed_1r
missing_in_runtime,QQQ,long,2025-04-28T14:04:00+00:00,entry,fixed_1r
missing_in_runtime,QQQ,long,2021-06-01T13:59:00+00:00,entry,fixed_2r
missing_in_runtime,QQQ,long,2021-06-01T14:00:00+00:00,entry,fixed_2r
missing_in_runtime,QQQ,long,2021-06-02T14:06:00+00:00,entry,fixed_2r
missing_in_runtime,QQQ,long,2021-06-09T13:56:00+00:00,entry,fixed_2r
missing_in_runtime,QQQ,long,2021-06-09T13:57:00+00:00,entry,fixed_2r
missing_in_runtime,QQQ,long,2021-06-18T13:56:00+00:00,entry,fixed_2r
missing_in_runtime,QQQ,long,2021-06-30T14:02:00+00:00,entry,fixed_2r
missing_in_runtime,QQQ,long,2021-07-07T14:10:00+00:00,entry,fixed_2r
missing_in_runtime,QQQ,long,2021-06-18T13:56:00+00:00,entry,fixed_1r
missing_in_runtime,QQQ,long,2021-12-09T15:01:00+00:00,entry,fixed_1r
missing_in_runtime,QQQ,long,2022-02-08T15:06:00+00:00,entry,fixed_1r
missing_in_runtime,QQQ,long,2022-04-01T13:58:00+00:00,entry,fixed_1r
missing_in_runtime,QQQ,long,2022-08-26T13:54:00+00:00,entry,fixed_1r
missing_in_runtime,QQQ,long,2022-12-05T15:06:00+00:00,entry,fixed_1r
missing_in_runtime,QQQ,long,2022-12-13T15:11:00+00:00,entry,fixed_1r
missing_in_runtime,QQQ,long,2023-02-07T15:05:00+00:00,entry,fixed_1r
missing_in_runtime,QQQ,long,2021-12-22T15:10:00+00:00,entry,fixed_1r
missing_in_runtime,QQQ,long,2023-11-22T14:59:00+00:00,entry,fixed_1r
missing_in_runtime,QQQ,long,2024-01-11T14:55:00+00:00,entry,fixed_1r
missing_in_runtime,QQQ,long,2024-12-17T15:06:00+00:00,entry,fixed_1r
missing_in_runtime,QQQ,long,2024-12-23T14:54:00+00:00,entry,fixed_1r
missing_in_runtime,QQQ,long,2025-01-16T14:51:00+00:00,entry,fixed_1r
missing_in_runtime,QQQ,long,2025-01-16T14:52:00+00:00,entry,fixed_1r
missing_in_runtime,QQQ,long,2025-08-12T13:54:00+00:00,entry,fixed_1r
missing_in_runtime,QQQ,long,2021-06-09T13:56:00+00:00,entry,fixed_1r
missing_in_runtime,QQQ,long,2021-06-09T13:57:00+00:00,entry,fixed_1r
missing_in_runtime,QQQ,long,2021-07-12T13:44:00+00:00,entry,fixed_1r
missing_in_runtime,QQQ,long,2021-09-14T14:06:00+00:00,entry,fixed_1r
missing_in_runtime,QQQ,long,2021-10-06T14:07:00+00:00,entry,fixed_1r
missing_in_runtime,QQQ,long,2022-02-08T15:06:00+00:00,entry,fixed_1r
missing_in_runtime,QQQ,long,2022-04-01T13:58:00+00:00,entry,fixed_1r
missing_in_runtime,QQQ,long,2022-05-04T14:11:00+00:00,entry,fixed_1r
missing_in_runtime,QQQ,long,2021-06-01T13:59:00+00:00,entry,fixed_1r
missing_in_runtime,QQQ,long,2021-06-01T14:00:00+00:00,entry,fixed_1r
missing_in_runtime,QQQ,long,2021-06-02T14:06:00+00:00,entry,fixed_1r
missing_in_runtime,QQQ,long,2021-06-09T13:56:00+00:00,entry,fixed_1r
missing_in_runtime,QQQ,long,2021-06-09T13:57:00+00:00,entry,fixed_1r
missing_in_runtime,QQQ,long,2021-06-18T13:56:00+00:00,entry,fixed_1r
missing_in_runtime,QQQ,long,2021-07-07T14:10:00+00:00,entry,fixed_1r
missing_in_runtime,QQQ,long,2021-07-07T14:11:00+00:00,entry,fixed_1r
missing_in_runtime,QQQ,long,2021-06-01T13:59:00+00:00,entry,fixed_1r
missing_in_runtime,QQQ,long,2021-06-01T14:00:00+00:00,entry,fixed_1r
missing_in_runtime,QQQ,long,2021-06-02T14:06:00+00:00,entry,fixed_1r
missing_in_runtime,QQQ,long,2021-06-09T13:56:00+00:00,entry,fixed_1r
missing_in_runtime,QQQ,long,2021-06-09T13:57:00+00:00,entry,fixed_1r
missing_in_runtime,QQQ,long,2021-06-18T13:56:00+00:00,entry,fixed_1r
missing_in_runtime,QQQ,long,2021-06-30T14:02:00+00:00,entry,fixed_1r
missing_in_runtime,QQQ,long,2021-07-07T14:10:00+00:00,entry,fixed_1r
missing_in_runtime,QQQ,long,2021-06-01T13:59:00+00:00,entry,market_pulse_flip
missing_in_runtime,QQQ,long,2021-06-01T14:00:00+00:00,entry,market_pulse_flip
missing_in_runtime,QQQ,long,2021-06-02T14:06:00+00:00,entry,market_pulse_flip
missing_in_runtime,QQQ,long,2021-06-09T13:56:00+00:00,entry,market_pulse_flip
missing_in_runtime,QQQ,long,2021-06-09T13:57:00+00:00,entry,market_pulse_flip
missing_in_runtime,QQQ,long,2021-06-18T13:56:00+00:00,entry,market_pulse_flip
missing_in_runtime,QQQ,long,2021-06-30T14:02:00+00:00,entry,market_pulse_flip
missing_in_runtime,QQQ,long,2021-07-07T14:10:00+00:00,entry,market_pulse_flip
missing_in_runtime,QQQ,long,2021-06-01T13:59:00+00:00,entry,vwap_return
missing_in_runtime,QQQ,long,2021-06-01T14:00:00+00:00,entry,vwap_return
missing_in_runtime,QQQ,long,2021-06-02T14:06:00+00:00,entry,vwap_return
missing_in_runtime,QQQ,long,2021-06-09T13:56:00+00:00,entry,vwap_return
missing_in_runtime,QQQ,long,2021-06-09T13:57:00+00:00,entry,vwap_return
missing_in_runtime,QQQ,long,2021-06-18T13:56:00+00:00,entry,vwap_return
missing_in_runtime,QQQ,long,2021-06-30T14:02:00+00:00,entry,vwap_return
missing_in_runtime,QQQ,long,2021-07-07T14:10:00+00:00,entry,vwap_return
missing_in_runtime,QQQ,long,2021-06-01T13:59:00+00:00,entry,partial_retrace_50
missing_in_runtime,QQQ,long,2021-06-01T14:00:00+00:00,entry,partial_retrace_50
missing_in_runtime,QQQ,long,2021-06-02T14:06:00+00:00,entry,partial_retrace_50
missing_in_runtime,QQQ,long,2021-06-09T13:56:00+00:00,entry,partial_retrace_50
missing_in_runtime,QQQ,long,2021-06-09T13:57:00+00:00,entry,partial_retrace_50
missing_in_runtime,QQQ,long,2021-06-18T13:56:00+00:00,entry,partial_retrace_50
missing_in_runtime,QQQ,long,2021-06-30T14:02:00+00:00,entry,partial_retrace_50
missing_in_runtime,QQQ,long,2021-07-07T14:10:00+00:00,entry,partial_retrace_50
missing_in_runtime,QQQ,long,2021-06-01T13:59:00+00:00,entry,fixed_1r
missing_in_runtime,QQQ,long,2021-06-01T14:00:00+00:00,entry,fixed_1r
missing_in_runtime,QQQ,long,2021-06-02T14:06:00+00:00,entry,fixed_1r
missing_in_runtime,QQQ,long,2021-06-09T13:56:00+00:00,entry,fixed_1r
missing_in_runtime,QQQ,long,2021-06-09T13:57:00+00:00,entry,fixed_1r
missing_in_runtime,QQQ,long,2021-06-18T13:56:00+00:00,entry,fixed_1r
missing_in_runtime,QQQ,long,2021-06-30T14:02:00+00:00,entry,fixed_1r
missing_in_runtime,QQQ,long,2021-07-07T14:10:00+00:00,entry,fixed_1r
missing_in_runtime,QQQ,long,2021-06-01T13:59:00+00:00,entry,market_pulse_flip
missing_in_runtime,QQQ,long,2021-06-01T14:00:00+00:00,entry,market_pulse_flip
missing_in_runtime,QQQ,long,2021-06-02T14:06:00+00:00,entry,market_pulse_flip
missing_in_runtime,QQQ,long,2021-06-09T13:56:00+00:00,entry,market_pulse_flip
missing_in_runtime,QQQ,long,2021-06-09T13:57:00+00:00,entry,market_pulse_flip
missing_in_runtime,QQQ,long,2021-06-18T13:56:00+00:00,entry,market_pulse_flip
missing_in_runtime,QQQ,long,2021-06-30T14:02:00+00:00,entry,market_pulse_flip
missing_in_runtime,QQQ,long,2021-07-07T14:10:00+00:00,entry,market_pulse_flip
missing_in_runtime,QQQ,long,2022-04-26T14:07:00+00:00,entry,fixed_1r
missing_in_runtime,QQQ,long,2022-05-20T14:15:00+00:00,entry,fixed_1r
missing_in_runtime,QQQ,long,2022-05-31T14:14:00+00:00,entry,fixed_1r
missing_in_runtime,QQQ,long,2022-08-18T14:05:00+00:00,entry,fixed_1r
missing_in_runtime,QQQ,long,2023-02-08T14:59:00+00:00,entry,fixed_1r
missing_in_runtime,QQQ,long,2023-02-15T15:00:00+00:00,entry,fixed_1r
missing_in_runtime,QQQ,long,2023-07-20T14:12:00+00:00,entry,fixed_1r
missing_in_runtime,QQQ,long,2023-11-08T15:09:00+00:00,entry,fixed_1r
missing_in_runtime,QQQ,long,2021-06-01T13:59:00+00:00,entry,vwap_return
missing_in_runtime,QQQ,long,2021-06-01T14:00:00+00:00,entry,vwap_return
missing_in_runtime,QQQ,long,2021-06-02T14:06:00+00:00,entry,vwap_return
missing_in_runtime,QQQ,long,2021-06-09T13:56:00+00:00,entry,vwap_return
missing_in_runtime,QQQ,long,2021-06-09T13:57:00+00:00,entry,vwap_return
missing_in_runtime,QQQ,long,2021-06-18T13:56:00+00:00,entry,vwap_return
missing_in_runtime,QQQ,long,2021-06-30T14:02:00+00:00,entry,vwap_return
missing_in_runtime,QQQ,long,2021-07-07T14:10:00+00:00,entry,vwap_return
missing_in_runtime,QQQ,long,2021-06-09T13:56:00+00:00,entry,fixed_1r
missing_in_runtime,QQQ,long,2021-06-09T13:57:00+00:00,entry,fixed_1r
missing_in_runtime,QQQ,long,2021-07-12T13:44:00+00:00,entry,fixed_1r
missing_in_runtime,QQQ,long,2021-09-14T14:06:00+00:00,entry,fixed_1r
missing_in_runtime,QQQ,long,2021-10-06T14:07:00+00:00,entry,fixed_1r
missing_in_runtime,QQQ,long,2022-02-08T15:06:00+00:00,entry,fixed_1r
missing_in_runtime,QQQ,long,2022-04-01T13:58:00+00:00,entry,fixed_1r
missing_in_runtime,QQQ,long,2022-05-04T14:11:00+00:00,entry,fixed_1r
missing_in_runtime,QQQ,long,2021-05-26T14:09:00+00:00,entry,fixed_1r
missing_in_runtime,QQQ,long,2021-06-01T13:59:00+00:00,entry,fixed_1r
missing_in_runtime,QQQ,long,2021-06-01T14:00:00+00:00,entry,fixed_1r
missing_in_runtime,QQQ,long,2021-06-03T13:54:00+00:00,entry,fixed_1r
missing_in_runtime,QQQ,long,2021-06-09T13:56:00+00:00,entry,fixed_1r
missing_in_runtime,QQQ,long,2021-06-09T13:57:00+00:00,entry,fixed_1r
missing_in_runtime,QQQ,long,2021-06-18T13:56:00+00:00,entry,fixed_1r
missing_in_runtime,QQQ,long,2021-06-25T14:04:00+00:00,entry,fixed_1r
missing_in_runtime,QQQ,long,2021-06-01T13:59:00+00:00,entry,fixed_1r
missing_in_runtime,QQQ,long,2021-06-01T14:00:00+00:00,entry,fixed_1r
missing_in_runtime,QQQ,long,2021-06-09T13:56:00+00:00,entry,fixed_1r
missing_in_runtime,QQQ,long,2021-06-09T13:57:00+00:00,entry,fixed_1r
missing_in_runtime,QQQ,long,2021-06-25T14:04:00+00:00,entry,fixed_1r
missing_in_runtime,QQQ,long,2021-06-25T14:05:00+00:00,entry,fixed_1r
missing_in_runtime,QQQ,long,2021-06-30T14:02:00+00:00,entry,fixed_1r
missing_in_runtime,QQQ,long,2021-07-07T14:10:00+00:00,entry,fixed_1r
missing_in_runtime,QQQ,long,2022-12-13T15:11:00+00:00,entry,fixed_1r
missing_in_runtime,QQQ,long,2024-09-19T13:55:00+00:00,entry,fixed_1r
missing_in_runtime,QQQ,long,2025-05-29T13:54:00+00:00,entry,fixed_1r
missing_in_runtime,QQQ,long,2025-05-29T14:14:00+00:00,entry,fixed_1r
missing_in_runtime,QQQ,long,2021-06-01T13:59:00+00:00,entry,time_stop
missing_in_runtime,QQQ,long,2021-06-01T14:00:00+00:00,entry,time_stop
missing_in_runtime,QQQ,long,2021-06-02T14:06:00+00:00,entry,time_stop
missing_in_runtime,QQQ,long,2021-06-09T13:56:00+00:00,entry,time_stop
missing_in_runtime,QQQ,long,2021-06-09T13:57:00+00:00,entry,time_stop
missing_in_runtime,QQQ,long,2021-06-18T13:56:00+00:00,entry,time_stop
missing_in_runtime,QQQ,long,2021-06-30T14:02:00+00:00,entry,time_stop
missing_in_runtime,QQQ,long,2021-07-07T14:10:00+00:00,entry,time_stop
missing_in_runtime,QQQ,long,2021-06-01T13:59:00+00:00,entry,fixed_1r
missing_in_runtime,QQQ,long,2021-06-01T14:00:00+00:00,entry,fixed_1r
missing_in_runtime,QQQ,long,2021-06-09T13:56:00+00:00,entry,fixed_1r
missing_in_runtime,QQQ,long,2021-06-09T13:57:00+00:00,entry,fixed_1r
missing_in_runtime,QQQ,long,2021-07-07T14:10:00+00:00,entry,fixed_1r
missing_in_runtime,QQQ,long,2021-07-07T14:11:00+00:00,entry,fixed_1r
missing_in_runtime,QQQ,long,2021-07-07T14:12:00+00:00,entry,fixed_1r
missing_in_runtime,QQQ,long,2021-07-12T13:44:00+00:00,entry,fixed_1r
missing_in_runtime,QQQ,long,2022-02-08T15:06:00+00:00,entry,fixed_1r
missing_in_runtime,QQQ,long,2022-04-26T14:07:00+00:00,entry,fixed_1r
missing_in_runtime,QQQ,long,2022-05-20T14:15:00+00:00,entry,fixed_1r
missing_in_runtime,QQQ,long,2022-05-31T14:14:00+00:00,entry,fixed_1r
missing_in_runtime,QQQ,long,2022-08-18T14:05:00+00:00,entry,fixed_1r
missing_in_runtime,QQQ,long,2022-09-28T14:14:00+00:00,entry,fixed_1r
missing_in_runtime,QQQ,long,2023-02-08T14:59:00+00:00,entry,fixed_1r
missing_in_runtime,QQQ,long,2023-02-15T15:00:00+00:00,entry,fixed_1r
missing_in_runtime,QQQ,long,2022-12-13T15:11:00+00:00,entry,fixed_1r
missing_in_runtime,QQQ,long,2023-10-04T14:13:00+00:00,entry,fixed_1r
missing_in_runtime,QQQ,long,2024-04-15T14:15:00+00:00,entry,fixed_1r
missing_in_runtime,QQQ,long,2024-07-11T13:57:00+00:00,entry,fixed_1r
missing_in_runtime,QQQ,long,2025-02-20T15:05:00+00:00,entry,fixed_1r
missing_in_runtime,QQQ,long,2021-06-01T13:59:00+00:00,entry,fixed_1_5r
missing_in_runtime,QQQ,long,2021-06-01T14:00:00+00:00,entry,fixed_1_5r
missing_in_runtime,QQQ,long,2021-06-02T14:06:00+00:00,entry,fixed_1_5r
missing_in_runtime,QQQ,long,2021-06-09T13:56:00+00:00,entry,fixed_1_5r
missing_in_runtime,QQQ,long,2021-06-09T13:57:00+00:00,entry,fixed_1_5r
missing_in_runtime,QQQ,long,2021-06-18T13:56:00+00:00,entry,fixed_1_5r
missing_in_runtime,QQQ,long,2021-06-30T14:02:00+00:00,entry,fixed_1_5r
missing_in_runtime,QQQ,long,2021-07-07T14:10:00+00:00,entry,fixed_1_5r
missing_in_runtime,QQQ,long,2021-06-01T13:59:00+00:00,entry,fixed_2r
missing_in_runtime,QQQ,long,2021-06-01T14:00:00+00:00,entry,fixed_2r
missing_in_runtime,QQQ,long,2021-06-02T14:06:00+00:00,entry,fixed_2r
missing_in_runtime,QQQ,long,2021-06-09T13:56:00+00:00,entry,fixed_2r
missing_in_runtime,QQQ,long,2021-06-09T13:57:00+00:00,entry,fixed_2r
missing_in_runtime,QQQ,long,2021-06-18T13:56:00+00:00,entry,fixed_2r
missing_in_runtime,QQQ,long,2021-06-30T14:02:00+00:00,entry,fixed_2r
missing_in_runtime,QQQ,long,2021-07-07T14:10:00+00:00,entry,fixed_2r
missing_in_runtime,QQQ,long,2025-03-14T14:05:00+00:00,entry,fixed_1r
missing_in_runtime,QQQ,long,2025-09-09T13:56:00+00:00,entry,fixed_1r
missing_in_runtime,QQQ,long,2025-09-09T13:57:00+00:00,entry,fixed_1r
missing_in_runtime,QQQ,long,2021-06-01T13:59:00+00:00,entry,fixed_2r
missing_in_runtime,QQQ,long,2021-06-01T14:00:00+00:00,entry,fixed_2r
missing_in_runtime,QQQ,long,2021-06-02T14:06:00+00:00,entry,fixed_2r
missing_in_runtime,QQQ,long,2021-06-09T13:56:00+00:00,entry,fixed_2r
missing_in_runtime,QQQ,long,2021-06-09T13:57:00+00:00,entry,fixed_2r
missing_in_runtime,QQQ,long,2021-06-18T13:56:00+00:00,entry,fixed_2r
missing_in_runtime,QQQ,long,2021-06-30T14:02:00+00:00,entry,fixed_2r
missing_in_runtime,QQQ,long,2021-07-07T14:10:00+00:00,entry,fixed_2r
missing_in_runtime,QQQ,long,2021-06-01T13:59:00+00:00,entry,fixed_1r
missing_in_runtime,QQQ,long,2021-06-01T14:00:00+00:00,entry,fixed_1r
missing_in_runtime,QQQ,long,2021-06-09T13:56:00+00:00,entry,fixed_1r
missing_in_runtime,QQQ,long,2021-06-09T13:57:00+00:00,entry,fixed_1r
missing_in_runtime,QQQ,long,2021-06-18T13:56:00+00:00,entry,fixed_1r
missing_in_runtime,QQQ,long,2021-07-08T13:51:00+00:00,entry,fixed_1r
missing_in_runtime,QQQ,long,2021-07-12T13:44:00+00:00,entry,fixed_1r
missing_in_runtime,QQQ,long,2021-08-25T13:56:00+00:00,entry,fixed_1r
missing_in_runtime,QQQ,long,2021-07-08T13:51:00+00:00,entry,fixed_1r
missing_in_runtime,QQQ,long,2021-07-08T13:52:00+00:00,entry,fixed_1r
missing_in_runtime,QQQ,long,2021-07-19T14:06:00+00:00,entry,fixed_1r
missing_in_runtime,QQQ,long,2021-08-17T14:14:00+00:00,entry,fixed_1r
missing_in_runtime,QQQ,long,2021-09-20T13:45:00+00:00,entry,fixed_1r
missing_in_runtime,QQQ,long,2021-09-20T13:58:00+00:00,entry,fixed_1r
missing_in_runtime,QQQ,long,2021-09-28T13:54:00+00:00,entry,fixed_1r
missing_in_runtime,QQQ,long,2021-09-28T13:56:00+00:00,entry,fixed_1r
missing_in_runtime,QQQ,long,2023-11-08T15:08:00+00:00,entry,fixed_1r
missing_in_runtime,QQQ,long,2024-04-15T14:15:00+00:00,entry,fixed_1r
missing_in_runtime,QQQ,long,2024-10-23T14:11:00+00:00,entry,fixed_1r
missing_in_runtime,QQQ,long,2025-03-11T14:09:00+00:00,entry,fixed_1r
missing_in_runtime,QQQ,long,2025-05-20T13:52:00+00:00,entry,fixed_1r
missing_in_runtime,QQQ,long,2025-06-11T13:51:00+00:00,entry,fixed_1r
missing_in_runtime,QQQ,long,2021-06-03T13:54:00+00:00,entry,fixed_1r
missing_in_runtime,QQQ,long,2021-06-03T13:55:00+00:00,entry,fixed_1r
missing_in_runtime,QQQ,long,2021-06-03T13:56:00+00:00,entry,fixed_1r
missing_in_runtime,QQQ,long,2021-06-03T13:57:00+00:00,entry,fixed_1r
missing_in_runtime,QQQ,long,2021-07-08T13:51:00+00:00,entry,fixed_1r
missing_in_runtime,QQQ,long,2021-07-08T13:52:00+00:00,entry,fixed_1r
missing_in_runtime,QQQ,long,2021-07-19T14:06:00+00:00,entry,fixed_1r
missing_in_runtime,QQQ,long,2021-08-17T13:36:00+00:00,entry,fixed_1r
missing_in_runtime,QQQ,long,2021-07-12T13:44:00+00:00,entry,fixed_1r
missing_in_runtime,QQQ,short,2021-06-03T14:15:00+00:00,entry,market_pulse_flip
missing_in_runtime,QQQ,short,2021-06-11T13:55:00+00:00,entry,market_pulse_flip
missing_in_runtime,QQQ,short,2021-06-22T14:11:00+00:00,entry,market_pulse_flip
missing_in_runtime,QQQ,short,2021-07-19T13:49:00+00:00,entry,market_pulse_flip
missing_in_runtime,QQQ,short,2021-08-18T14:00:00+00:00,entry,market_pulse_flip
missing_in_runtime,QQQ,short,2021-08-23T14:10:00+00:00,entry,market_pulse_flip
missing_in_runtime,QQQ,short,2021-08-24T14:14:00+00:00,entry,market_pulse_flip
missing_in_runtime,QQQ,short,2021-08-26T14:11:00+00:00,entry,market_pulse_flip
missing_in_runtime,QQQ,short,2021-06-03T14:15:00+00:00,entry,fixed_1r
missing_in_runtime,QQQ,short,2021-06-11T13:55:00+00:00,entry,fixed_1r
missing_in_runtime,QQQ,short,2021-06-22T14:11:00+00:00,entry,fixed_1r
missing_in_runtime,QQQ,short,2021-07-19T13:49:00+00:00,entry,fixed_1r
missing_in_runtime,QQQ,short,2021-08-18T14:00:00+00:00,entry,fixed_1r
missing_in_runtime,QQQ,short,2021-08-30T14:10:00+00:00,entry,fixed_1r
missing_in_runtime,QQQ,short,2021-09-24T14:05:00+00:00,entry,fixed_1r
missing_in_runtime,QQQ,short,2021-10-28T14:12:00+00:00,entry,fixed_1r
missing_in_runtime,QQQ,short,2021-06-03T14:15:00+00:00,entry,fixed_1r
missing_in_runtime,QQQ,short,2021-06-11T13:55:00+00:00,entry,fixed_1r
missing_in_runtime,QQQ,short,2021-06-22T14:11:00+00:00,entry,fixed_1r
missing_in_runtime,QQQ,short,2021-07-19T13:49:00+00:00,entry,fixed_1r
missing_in_runtime,QQQ,short,2021-08-18T14:00:00+00:00,entry,fixed_1r
missing_in_runtime,QQQ,short,2021-08-30T14:10:00+00:00,entry,fixed_1r
missing_in_runtime,QQQ,short,2021-09-24T14:05:00+00:00,entry,fixed_1r
missing_in_runtime,QQQ,short,2021-10-28T14:12:00+00:00,entry,fixed_1r
missing_in_runtime,QQQ,short,2021-06-03T14:15:00+00:00,entry,fixed_1r
missing_in_runtime,QQQ,short,2021-06-11T13:55:00+00:00,entry,fixed_1r
missing_in_runtime,QQQ,short,2021-06-22T14:11:00+00:00,entry,fixed_1r
missing_in_runtime,QQQ,short,2021-07-19T13:49:00+00:00,entry,fixed_1r
missing_in_runtime,QQQ,short,2021-08-18T14:00:00+00:00,entry,fixed_1r
missing_in_runtime,QQQ,short,2021-08-23T14:10:00+00:00,entry,fixed_1r
missing_in_runtime,QQQ,short,2021-08-24T14:14:00+00:00,entry,fixed_1r
missing_in_runtime,QQQ,short,2021-08-26T14:11:00+00:00,entry,fixed_1r
missing_in_runtime,QQQ,short,2021-06-03T14:15:00+00:00,entry,fixed_1r
missing_in_runtime,QQQ,short,2021-06-22T14:11:00+00:00,entry,fixed_1r
missing_in_runtime,QQQ,short,2021-08-18T14:00:00+00:00,entry,fixed_1r
missing_in_runtime,QQQ,short,2021-08-23T14:10:00+00:00,entry,fixed_1r
missing_in_runtime,QQQ,short,2021-08-24T14:14:00+00:00,entry,fixed_1r
missing_in_runtime,QQQ,short,2021-08-30T14:10:00+00:00,entry,fixed_1r
missing_in_runtime,QQQ,short,2021-09-24T14:05:00+00:00,entry,fixed_1r
missing_in_runtime,QQQ,short,2021-10-28T14:12:00+00:00,entry,fixed_1r
missing_in_runtime,QQQ,short,2021-05-14T14:05:00+00:00,entry,fixed_1r
missing_in_runtime,QQQ,short,2021-05-14T14:06:00+00:00,entry,fixed_1r
missing_in_runtime,QQQ,short,2021-05-14T14:07:00+00:00,entry,fixed_1r
missing_in_runtime,QQQ,short,2021-06-04T13:54:00+00:00,entry,fixed_1r
missing_in_runtime,QQQ,short,2021-06-10T14:07:00+00:00,entry,fixed_1r
missing_in_runtime,QQQ,short,2021-06-10T14:09:00+00:00,entry,fixed_1r
missing_in_runtime,QQQ,short,2021-06-10T14:10:00+00:00,entry,fixed_1r
missing_in_runtime,QQQ,short,2021-06-10T14:13:00+00:00,entry,fixed_1r
missing_in_runtime,QQQ,short,2021-05-14T14:05:00+00:00,entry,fixed_1r
missing_in_runtime,QQQ,short,2021-05-20T14:08:00+00:00,entry,fixed_1r
missing_in_runtime,QQQ,short,2021-05-21T14:05:00+00:00,entry,fixed_1r
missing_in_runtime,QQQ,short,2021-06-03T14:15:00+00:00,entry,fixed_1r
missing_in_runtime,QQQ,short,2021-06-11T13:55:00+00:00,entry,fixed_1r
missing_in_runtime,QQQ,short,2021-06-14T13:52:00+00:00,entry,fixed_1r
missing_in_runtime,QQQ,short,2021-06-14T13:53:00+00:00,entry,fixed_1r
missing_in_runtime,QQQ,short,2021-06-17T14:07:00+00:00,entry,fixed_1r
missing_in_runtime,QQQ,short,2021-08-24T14:14:00+00:00,entry,fixed_1r
missing_in_runtime,QQQ,short,2021-08-26T14:11:00+00:00,entry,fixed_1r
missing_in_runtime,QQQ,short,2021-09-24T14:05:00+00:00,entry,fixed_1r
missing_in_runtime,QQQ,short,2022-03-10T15:01:00+00:00,entry,fixed_1r
missing_in_runtime,QQQ,short,2022-03-10T15:02:00+00:00,entry,fixed_1r
missing_in_runtime,QQQ,short,2022-07-05T13:52:00+00:00,entry,fixed_1r
missing_in_runtime,QQQ,short,2023-03-17T14:07:00+00:00,entry,fixed_1r
missing_in_runtime,QQQ,short,2023-03-21T14:04:00+00:00,entry,fixed_1r
missing_in_runtime,QQQ,short,2022-11-10T15:14:00+00:00,entry,fixed_1r
missing_in_runtime,QQQ,short,2022-12-13T14:35:00+00:00,entry,fixed_1r
missing_in_runtime,QQQ,short,2022-12-13T14:59:00+00:00,entry,fixed_1r
missing_in_runtime,QQQ,short,2022-12-13T15:00:00+00:00,entry,fixed_1r
missing_in_runtime,QQQ,short,2022-12-13T15:01:00+00:00,entry,fixed_1r
missing_in_runtime,QQQ,short,2021-11-24T15:08:00+00:00,entry,fixed_1r
missing_in_runtime,QQQ,short,2022-05-10T14:10:00+00:00,entry,fixed_1r
missing_in_runtime,QQQ,short,2022-11-23T14:58:00+00:00,entry,fixed_1r
missing_in_runtime,QQQ,short,2023-09-12T14:01:00+00:00,entry,fixed_1r
missing_in_runtime,QQQ,short,2023-09-29T14:07:00+00:00,entry,fixed_1r
missing_in_runtime,QQQ,short,2024-02-22T14:54:00+00:00,entry,fixed_1r
missing_in_runtime,QQQ,short,2024-04-30T13:48:00+00:00,entry,fixed_1r
missing_in_runtime,QQQ,short,2025-08-14T13:55:00+00:00,entry,fixed_1r
missing_in_runtime,QQQ,short,2021-06-03T14:15:00+00:00,entry,fixed_1_5r
missing_in_runtime,QQQ,short,2021-06-11T13:55:00+00:00,entry,fixed_1_5r
missing_in_runtime,QQQ,short,2021-06-22T14:11:00+00:00,entry,fixed_1_5r
missing_in_runtime,QQQ,short,2021-07-19T13:49:00+00:00,entry,fixed_1_5r
missing_in_runtime,QQQ,short,2021-08-18T14:00:00+00:00,entry,fixed_1_5r
missing_in_runtime,QQQ,short,2021-08-23T14:10:00+00:00,entry,fixed_1_5r
missing_in_runtime,QQQ,short,2021-08-24T14:14:00+00:00,entry,fixed_1_5r
missing_in_runtime,QQQ,short,2021-08-26T14:11:00+00:00,entry,fixed_1_5r
missing_in_runtime,QQQ,short,2021-06-11T13:55:00+00:00,entry,fixed_1r
missing_in_runtime,QQQ,short,2021-06-22T14:11:00+00:00,entry,fixed_1r
missing_in_runtime,QQQ,short,2021-08-18T14:00:00+00:00,entry,fixed_1r
missing_in_runtime,QQQ,short,2021-08-24T14:14:00+00:00,entry,fixed_1r
missing_in_runtime,QQQ,short,2021-08-26T14:11:00+00:00,entry,fixed_1r
missing_in_runtime,QQQ,short,2021-08-30T14:10:00+00:00,entry,fixed_1r
missing_in_runtime,QQQ,short,2021-12-08T14:54:00+00:00,entry,fixed_1r
missing_in_runtime,QQQ,short,2021-12-22T14:51:00+00:00,entry,fixed_1r
missing_in_runtime,QQQ,short,2021-06-03T14:15:00+00:00,entry,time_stop
missing_in_runtime,QQQ,short,2021-06-11T13:55:00+00:00,entry,time_stop
missing_in_runtime,QQQ,short,2021-06-22T14:11:00+00:00,entry,time_stop
missing_in_runtime,QQQ,short,2021-07-19T13:49:00+00:00,entry,time_stop
missing_in_runtime,QQQ,short,2021-08-18T14:00:00+00:00,entry,time_stop
missing_in_runtime,QQQ,short,2021-08-23T14:10:00+00:00,entry,time_stop
missing_in_runtime,QQQ,short,2021-08-24T14:14:00+00:00,entry,time_stop
missing_in_runtime,QQQ,short,2021-08-26T14:11:00+00:00,entry,time_stop
missing_in_runtime,QQQ,short,2021-06-03T14:15:00+00:00,entry,partial_retrace_50
missing_in_runtime,QQQ,short,2021-06-11T13:55:00+00:00,entry,partial_retrace_50
missing_in_runtime,QQQ,short,2021-06-22T14:11:00+00:00,entry,partial_retrace_50
missing_in_runtime,QQQ,short,2021-07-19T13:49:00+00:00,entry,partial_retrace_50
missing_in_runtime,QQQ,short,2021-08-18T14:00:00+00:00,entry,partial_retrace_50
missing_in_runtime,QQQ,short,2021-08-23T14:10:00+00:00,entry,partial_retrace_50
missing_in_runtime,QQQ,short,2021-08-24T14:14:00+00:00,entry,partial_retrace_50
missing_in_runtime,QQQ,short,2021-08-26T14:11:00+00:00,entry,partial_retrace_50
missing_in_runtime,QQQ,short,2021-06-03T14:15:00+00:00,entry,fixed_1_5r
missing_in_runtime,QQQ,short,2021-06-11T13:55:00+00:00,entry,fixed_1_5r
missing_in_runtime,QQQ,short,2021-06-22T14:11:00+00:00,entry,fixed_1_5r
missing_in_runtime,QQQ,short,2021-07-19T13:49:00+00:00,entry,fixed_1_5r
missing_in_runtime,QQQ,short,2021-08-18T14:00:00+00:00,entry,fixed_1_5r
missing_in_runtime,QQQ,short,2021-08-23T14:10:00+00:00,entry,fixed_1_5r
missing_in_runtime,QQQ,short,2021-08-24T14:14:00+00:00,entry,fixed_1_5r
missing_in_runtime,QQQ,short,2021-08-26T14:11:00+00:00,entry,fixed_1_5r
missing_in_runtime,QQQ,short,2021-06-03T14:15:00+00:00,entry,fixed_1r
missing_in_runtime,QQQ,short,2021-06-11T13:55:00+00:00,entry,fixed_1r
missing_in_runtime,QQQ,short,2021-06-22T14:11:00+00:00,entry,fixed_1r
missing_in_runtime,QQQ,short,2021-07-19T13:49:00+00:00,entry,fixed_1r
missing_in_runtime,QQQ,short,2021-08-18T14:00:00+00:00,entry,fixed_1r
missing_in_runtime,QQQ,short,2021-08-23T14:10:00+00:00,entry,fixed_1r
missing_in_runtime,QQQ,short,2021-08-24T14:14:00+00:00,entry,fixed_1r
missing_in_runtime,QQQ,short,2021-08-26T14:11:00+00:00,entry,fixed_1r
missing_in_runtime,QQQ,short,2021-06-03T14:15:00+00:00,entry,fixed_1r
missing_in_runtime,QQQ,short,2021-07-19T13:49:00+00:00,entry,fixed_1r
missing_in_runtime,QQQ,short,2021-09-24T14:05:00+00:00,entry,fixed_1r
missing_in_runtime,QQQ,short,2021-11-24T15:07:00+00:00,entry,fixed_1r
missing_in_runtime,QQQ,short,2021-11-24T15:08:00+00:00,entry,fixed_1r
missing_in_runtime,QQQ,short,2021-12-17T14:55:00+00:00,entry,fixed_1r
missing_in_runtime,QQQ,short,2022-01-18T14:47:00+00:00,entry,fixed_1r
missing_in_runtime,QQQ,short,2022-02-10T15:00:00+00:00,entry,fixed_1r
missing_in_runtime,QQQ,short,2021-06-03T14:15:00+00:00,entry,fixed_1r
missing_in_runtime,QQQ,short,2021-06-11T13:55:00+00:00,entry,fixed_1r
missing_in_runtime,QQQ,short,2021-06-22T14:11:00+00:00,entry,fixed_1r
missing_in_runtime,QQQ,short,2021-07-19T13:49:00+00:00,entry,fixed_1r
missing_in_runtime,QQQ,short,2021-08-18T14:00:00+00:00,entry,fixed_1r
missing_in_runtime,QQQ,short,2021-08-23T14:10:00+00:00,entry,fixed_1r
missing_in_runtime,QQQ,short,2021-08-24T14:14:00+00:00,entry,fixed_1r
missing_in_runtime,QQQ,short,2021-08-26T14:11:00+00:00,entry,fixed_1r
missing_in_runtime,QQQ,short,2021-05-13T15:00:00+00:00,entry,fixed_1r
missing_in_runtime,QQQ,short,2021-05-17T14:27:00+00:00,entry,fixed_1r
missing_in_runtime,QQQ,short,2021-05-19T14:32:00+00:00,entry,fixed_1r
missing_in_runtime,QQQ,short,2021-05-20T14:39:00+00:00,entry,fixed_1r
missing_in_runtime,QQQ,short,2021-05-26T15:00:00+00:00,entry,fixed_1r
missing_in_runtime,QQQ,short,2021-06-03T14:15:00+00:00,entry,fixed_1r
missing_in_runtime,QQQ,short,2021-06-11T13:55:00+00:00,entry,fixed_1r
missing_in_runtime,QQQ,short,2021-06-22T14:11:00+00:00,entry,fixed_1r
missing_in_runtime,QQQ,short,2021-06-03T14:15:00+00:00,entry,vwap_return
missing_in_runtime,QQQ,short,2021-06-11T13:55:00+00:00,entry,vwap_return
missing_in_runtime,QQQ,short,2021-06-22T14:11:00+00:00,entry,vwap_return
missing_in_runtime,QQQ,short,2021-07-19T13:49:00+00:00,entry,vwap_return
missing_in_runtime,QQQ,short,2021-08-18T14:00:00+00:00,entry,vwap_return
missing_in_runtime,QQQ,short,2021-08-23T14:10:00+00:00,entry,vwap_return
missing_in_runtime,QQQ,short,2021-08-24T14:14:00+00:00,entry,vwap_return
missing_in_runtime,QQQ,short,2021-08-26T14:11:00+00:00,entry,vwap_return
missing_in_runtime,QQQ,short,2021-06-11T13:55:00+00:00,entry,fixed_1r
missing_in_runtime,QQQ,short,2021-08-26T14:11:00+00:00,entry,fixed_1r
missing_in_runtime,QQQ,short,2021-08-30T14:10:00+00:00,entry,fixed_1r
missing_in_runtime,QQQ,short,2021-10-28T14:12:00+00:00,entry,fixed_1r
missing_in_runtime,QQQ,short,2021-11-24T15:07:00+00:00,entry,fixed_1r
missing_in_runtime,QQQ,short,2021-12-17T14:55:00+00:00,entry,fixed_1r
missing_in_runtime,QQQ,short,2022-01-26T15:07:00+00:00,entry,fixed_1r
missing_in_runtime,QQQ,short,2022-02-10T15:00:00+00:00,entry,fixed_1r
missing_in_runtime,QQQ,short,2021-06-03T14:15:00+00:00,entry,fixed_1r
missing_in_runtime,QQQ,short,2021-06-11T13:55:00+00:00,entry,fixed_1r
missing_in_runtime,QQQ,short,2021-06-22T14:11:00+00:00,entry,fixed_1r
missing_in_runtime,QQQ,short,2021-08-18T14:00:00+00:00,entry,fixed_1r
missing_in_runtime,QQQ,short,2021-08-30T14:10:00+00:00,entry,fixed_1r
missing_in_runtime,QQQ,short,2021-09-24T14:05:00+00:00,entry,fixed_1r
missing_in_runtime,QQQ,short,2021-10-28T14:12:00+00:00,entry,fixed_1r
missing_in_runtime,QQQ,short,2021-11-24T15:07:00+00:00,entry,fixed_1r
missing_in_runtime,QQQ,short,2021-06-03T14:15:00+00:00,entry,partial_retrace_50
missing_in_runtime,QQQ,short,2021-06-11T13:55:00+00:00,entry,partial_retrace_50
missing_in_runtime,QQQ,short,2021-06-22T14:11:00+00:00,entry,partial_retrace_50
missing_in_runtime,QQQ,short,2021-07-19T13:49:00+00:00,entry,partial_retrace_50
missing_in_runtime,QQQ,short,2021-08-18T14:00:00+00:00,entry,partial_retrace_50
missing_in_runtime,QQQ,short,2021-08-23T14:10:00+00:00,entry,partial_retrace_50
missing_in_runtime,QQQ,short,2021-08-24T14:14:00+00:00,entry,partial_retrace_50
missing_in_runtime,QQQ,short,2021-08-26T14:11:00+00:00,entry,partial_retrace_50
missing_in_runtime,QQQ,short,2021-06-15T13:58:00+00:00,entry,fixed_1r
missing_in_runtime,QQQ,short,2021-06-21T14:13:00+00:00,entry,fixed_1r
missing_in_runtime,QQQ,short,2021-08-13T14:02:00+00:00,entry,fixed_1r
missing_in_runtime,QQQ,short,2021-12-22T15:01:00+00:00,entry,fixed_1r
missing_in_runtime,QQQ,short,2023-08-21T14:14:00+00:00,entry,fixed_1r
missing_in_runtime,QQQ,short,2023-11-16T15:11:00+00:00,entry,fixed_1r
missing_in_runtime,QQQ,short,2024-05-29T14:08:00+00:00,entry,fixed_1r
missing_in_runtime,QQQ,short,2024-08-21T14:14:00+00:00,entry,fixed_1r
missing_in_runtime,QQQ,short,2021-06-03T14:15:00+00:00,entry,fixed_1r
missing_in_runtime,QQQ,short,2021-06-22T14:11:00+00:00,entry,fixed_1r
missing_in_runtime,QQQ,short,2021-08-18T14:00:00+00:00,entry,fixed_1r
missing_in_runtime,QQQ,short,2021-10-28T14:12:00+00:00,entry,fixed_1r
missing_in_runtime,QQQ,short,2022-01-26T15:07:00+00:00,entry,fixed_1r
missing_in_runtime,QQQ,short,2022-02-10T15:00:00+00:00,entry,fixed_1r
missing_in_runtime,QQQ,short,2022-03-28T14:00:00+00:00,entry,fixed_1r
missing_in_runtime,QQQ,short,2022-08-03T14:00:00+00:00,entry,fixed_1r
missing_in_runtime,QQQ,short,2024-08-05T14:06:00+00:00,entry,fixed_1r
missing_in_runtime,QQQ,short,2022-01-18T14:47:00+00:00,entry,fixed_1r
missing_in_runtime,QQQ,short,2024-04-30T13:47:00+00:00,entry,fixed_1r
missing_in_runtime,QQQ,short,2022-02-10T15:00:00+00:00,entry,fixed_1r
missing_in_runtime,QQQ,short,2022-02-28T15:03:00+00:00,entry,fixed_1r
missing_in_runtime,QQQ,short,2022-11-23T14:57:00+00:00,entry,fixed_1r
missing_in_runtime,QQQ,short,2022-11-23T14:58:00+00:00,entry,fixed_1r
missing_in_runtime,QQQ,short,2023-02-01T15:00:00+00:00,entry,fixed_1r
missing_in_runtime,QQQ,short,2023-02-15T14:52:00+00:00,entry,fixed_1r
missing_in_runtime,QQQ,short,2023-03-02T14:57:00+00:00,entry,fixed_1r
missing_in_runtime,QQQ,short,2023-03-29T14:06:00+00:00,entry,fixed_1r
missing_in_runtime,QQQ,short,2021-06-03T14:15:00+00:00,entry,fixed_2r
missing_in_runtime,QQQ,short,2021-06-11T13:55:00+00:00,entry,fixed_2r
missing_in_runtime,QQQ,short,2021-06-22T14:11:00+00:00,entry,fixed_2r
missing_in_runtime,QQQ,short,2021-07-19T13:49:00+00:00,entry,fixed_2r
missing_in_runtime,QQQ,short,2021-08-18T14:00:00+00:00,entry,fixed_2r
missing_in_runtime,QQQ,short,2021-08-23T14:10:00+00:00,entry,fixed_2r
missing_in_runtime,QQQ,short,2021-08-24T14:14:00+00:00,entry,fixed_2r
missing_in_runtime,QQQ,short,2021-08-26T14:11:00+00:00,entry,fixed_2r
missing_in_runtime,QQQ,short,2021-08-24T14:14:00+00:00,entry,fixed_1r
missing_in_runtime,QQQ,short,2021-11-24T15:07:00+00:00,entry,fixed_1r
missing_in_runtime,QQQ,short,2022-01-18T14:47:00+00:00,entry,fixed_1r
missing_in_runtime,QQQ,short,2022-03-10T15:01:00+00:00,entry,fixed_1r
missing_in_runtime,QQQ,short,2023-03-17T14:07:00+00:00,entry,fixed_1r
missing_in_runtime,QQQ,short,2023-03-21T14:04:00+00:00,entry,fixed_1r
missing_in_runtime,QQQ,short,2024-04-16T14:03:00+00:00,entry,fixed_1r
missing_in_runtime,QQQ,short,2024-08-05T14:06:00+00:00,entry,fixed_1r
missing_in_runtime,QQQ,short,2021-06-11T13:55:00+00:00,entry,fixed_1r
missing_in_runtime,QQQ,short,2021-07-19T13:49:00+00:00,entry,fixed_1r
missing_in_runtime,QQQ,short,2021-11-24T15:08:00+00:00,entry,fixed_1r
missing_in_runtime,QQQ,short,2021-12-08T14:54:00+00:00,entry,fixed_1r
missing_in_runtime,QQQ,short,2021-12-17T14:55:00+00:00,entry,fixed_1r
missing_in_runtime,QQQ,short,2022-02-28T15:03:00+00:00,entry,fixed_1r
missing_in_runtime,QQQ,short,2022-03-10T15:01:00+00:00,entry,fixed_1r
missing_in_runtime,QQQ,short,2022-03-21T13:45:00+00:00,entry,fixed_1r
missing_in_runtime,QQQ,short,2021-06-03T14:15:00+00:00,entry,fixed_1r
missing_in_runtime,QQQ,short,2021-06-22T14:11:00+00:00,entry,fixed_1r
missing_in_runtime,QQQ,short,2021-08-18T14:00:00+00:00,entry,fixed_1r
missing_in_runtime,QQQ,short,2021-08-26T14:11:00+00:00,entry,fixed_1r
missing_in_runtime,QQQ,short,2021-10-28T14:12:00+00:00,entry,fixed_1r
missing_in_runtime,QQQ,short,2022-01-26T15:07:00+00:00,entry,fixed_1r
missing_in_runtime,QQQ,short,2022-02-10T15:00:00+00:00,entry,fixed_1r
missing_in_runtime,QQQ,short,2022-03-28T14:00:00+00:00,entry,fixed_1r
missing_in_runtime,QQQ,short,2021-08-26T14:11:00+00:00,entry,fixed_1r
missing_in_runtime,QQQ,short,2022-03-15T14:02:00+00:00,entry,fixed_1r
missing_in_runtime,QQQ,short,2022-08-26T14:15:00+00:00,entry,fixed_1r
missing_in_runtime,QQQ,short,2022-09-19T13:57:00+00:00,entry,fixed_1r
missing_in_runtime,QQQ,short,2023-02-01T15:00:00+00:00,entry,fixed_1r
missing_in_runtime,QQQ,short,2021-06-03T14:15:00+00:00,entry,fixed_1r
missing_in_runtime,QQQ,short,2021-06-11T13:55:00+00:00,entry,fixed_1r
missing_in_runtime,QQQ,short,2021-06-22T14:11:00+00:00,entry,fixed_1r
missing_in_runtime,QQQ,short,2021-07-19T13:49:00+00:00,entry,fixed_1r
missing_in_runtime,QQQ,short,2021-08-18T14:00:00+00:00,entry,fixed_1r
missing_in_runtime,QQQ,short,2021-08-23T14:10:00+00:00,entry,fixed_1r
missing_in_runtime,QQQ,short,2021-08-24T14:14:00+00:00,entry,fixed_1r
missing_in_runtime,QQQ,short,2021-08-26T14:11:00+00:00,entry,fixed_1r
missing_in_runtime,QQQ,short,2021-06-03T14:15:00+00:00,entry,market_pulse_flip
missing_in_runtime,QQQ,short,2021-06-11T13:55:00+00:00,entry,market_pulse_flip
missing_in_runtime,QQQ,short,2021-06-22T14:11:00+00:00,entry,market_pulse_flip
missing_in_runtime,QQQ,short,2021-07-19T13:49:00+00:00,entry,market_pulse_flip
missing_in_runtime,QQQ,short,2021-08-18T14:00:00+00:00,entry,market_pulse_flip
missing_in_runtime,QQQ,short,2021-08-23T14:10:00+00:00,entry,market_pulse_flip
missing_in_runtime,QQQ,short,2021-08-24T14:14:00+00:00,entry,market_pulse_flip
missing_in_runtime,QQQ,short,2021-08-26T14:11:00+00:00,entry,market_pulse_flip
missing_in_runtime,QQQ,short,2021-06-03T14:15:00+00:00,entry,vwap_return
missing_in_runtime,QQQ,short,2021-06-11T13:55:00+00:00,entry,vwap_return
missing_in_runtime,QQQ,short,2021-06-22T14:11:00+00:00,entry,vwap_return
missing_in_runtime,QQQ,short,2021-07-19T13:49:00+00:00,entry,vwap_return
missing_in_runtime,QQQ,short,2021-08-18T14:00:00+00:00,entry,vwap_return
missing_in_runtime,QQQ,short,2021-08-23T14:10:00+00:00,entry,vwap_return
missing_in_runtime,QQQ,short,2021-08-24T14:14:00+00:00,entry,vwap_return
missing_in_runtime,QQQ,short,2021-08-26T14:11:00+00:00,entry,vwap_return
missing_in_runtime,QQQ,short,2021-06-03T14:15:00+00:00,entry,partial_retrace_50
missing_in_runtime,QQQ,short,2021-06-11T13:55:00+00:00,entry,partial_retrace_50
missing_in_runtime,QQQ,short,2021-06-22T14:11:00+00:00,entry,partial_retrace_50
missing_in_runtime,QQQ,short,2021-07-19T13:49:00+00:00,entry,partial_retrace_50
missing_in_runtime,QQQ,short,2021-08-18T14:00:00+00:00,entry,partial_retrace_50
missing_in_runtime,QQQ,short,2021-08-23T14:10:00+00:00,entry,partial_retrace_50
missing_in_runtime,QQQ,short,2021-08-24T14:14:00+00:00,entry,partial_retrace_50
missing_in_runtime,QQQ,short,2021-08-26T14:11:00+00:00,entry,partial_retrace_50
missing_in_runtime,QQQ,short,2021-06-03T14:15:00+00:00,entry,fixed_1r
missing_in_runtime,QQQ,short,2021-06-11T13:55:00+00:00,entry,fixed_1r
missing_in_runtime,QQQ,short,2021-06-22T14:11:00+00:00,entry,fixed_1r
missing_in_runtime,QQQ,short,2021-07-19T13:49:00+00:00,entry,fixed_1r
missing_in_runtime,QQQ,short,2021-08-18T14:00:00+00:00,entry,fixed_1r
missing_in_runtime,QQQ,short,2021-08-23T14:10:00+00:00,entry,fixed_1r
missing_in_runtime,QQQ,short,2021-08-24T14:14:00+00:00,entry,fixed_1r
missing_in_runtime,QQQ,short,2021-08-26T14:11:00+00:00,entry,fixed_1r
missing_in_runtime,QQQ,short,2021-06-03T14:15:00+00:00,entry,market_pulse_flip
missing_in_runtime,QQQ,short,2021-06-11T13:55:00+00:00,entry,market_pulse_flip
missing_in_runtime,QQQ,short,2021-06-22T14:11:00+00:00,entry,market_pulse_flip
missing_in_runtime,QQQ,short,2021-07-19T13:49:00+00:00,entry,market_pulse_flip
missing_in_runtime,QQQ,short,2021-08-18T14:00:00+00:00,entry,market_pulse_flip
missing_in_runtime,QQQ,short,2021-08-23T14:10:00+00:00,entry,market_pulse_flip
missing_in_runtime,QQQ,short,2021-08-24T14:14:00+00:00,entry,market_pulse_flip
missing_in_runtime,QQQ,short,2021-08-26T14:11:00+00:00,entry,market_pulse_flip
missing_in_runtime,QQQ,short,2022-02-10T15:00:00+00:00,entry,fixed_1r
missing_in_runtime,QQQ,short,2022-08-03T14:00:00+00:00,entry,fixed_1r
missing_in_runtime,QQQ,short,2022-11-08T14:59:00+00:00,entry,fixed_1r
missing_in_runtime,QQQ,short,2023-02-01T15:00:00+00:00,entry,fixed_1r
missing_in_runtime,QQQ,short,2023-02-15T14:52:00+00:00,entry,fixed_1r
missing_in_runtime,QQQ,short,2023-03-21T14:04:00+00:00,entry,fixed_1r
missing_in_runtime,QQQ,short,2023-11-14T15:07:00+00:00,entry,fixed_1r
missing_in_runtime,QQQ,short,2024-02-27T15:05:00+00:00,entry,fixed_1r
missing_in_runtime,QQQ,short,2021-06-03T14:15:00+00:00,entry,vwap_return
missing_in_runtime,QQQ,short,2021-06-11T13:55:00+00:00,entry,vwap_return
missing_in_runtime,QQQ,short,2021-06-22T14:11:00+00:00,entry,vwap_return
missing_in_runtime,QQQ,short,2021-07-19T13:49:00+00:00,entry,vwap_return
missing_in_runtime,QQQ,short,2021-08-18T14:00:00+00:00,entry,vwap_return
missing_in_runtime,QQQ,short,2021-08-23T14:10:00+00:00,entry,vwap_return
missing_in_runtime,QQQ,short,2021-08-24T14:14:00+00:00,entry,vwap_return
missing_in_runtime,QQQ,short,2021-08-26T14:11:00+00:00,entry,vwap_return
missing_in_runtime,QQQ,short,2021-06-03T14:15:00+00:00,entry,fixed_1r
missing_in_runtime,QQQ,short,2021-06-22T14:11:00+00:00,entry,fixed_1r
missing_in_runtime,QQQ,short,2021-08-18T14:00:00+00:00,entry,fixed_1r
missing_in_runtime,QQQ,short,2021-08-26T14:11:00+00:00,entry,fixed_1r
missing_in_runtime,QQQ,short,2021-10-28T14:12:00+00:00,entry,fixed_1r
missing_in_runtime,QQQ,short,2022-01-26T15:07:00+00:00,entry,fixed_1r
missing_in_runtime,QQQ,short,2022-02-10T15:00:00+00:00,entry,fixed_1r
missing_in_runtime,QQQ,short,2022-03-28T14:00:00+00:00,entry,fixed_1r
missing_in_runtime,QQQ,short,2021-05-14T14:05:00+00:00,entry,fixed_1r
missing_in_runtime,QQQ,short,2021-05-14T14:06:00+00:00,entry,fixed_1r
missing_in_runtime,QQQ,short,2021-05-14T14:07:00+00:00,entry,fixed_1r
missing_in_runtime,QQQ,short,2021-05-20T14:08:00+00:00,entry,fixed_1r
missing_in_runtime,QQQ,short,2021-06-03T14:15:00+00:00,entry,fixed_1r
missing_in_runtime,QQQ,short,2021-06-11T13:55:00+00:00,entry,fixed_1r
missing_in_runtime,QQQ,short,2021-06-11T13:56:00+00:00,entry,fixed_1r
missing_in_runtime,QQQ,short,2021-06-14T13:52:00+00:00,entry,fixed_1r
missing_in_runtime,QQQ,short,2021-06-22T14:11:00+00:00,entry,fixed_1r
missing_in_runtime,QQQ,short,2021-07-02T13:42:00+00:00,entry,fixed_1r
missing_in_runtime,QQQ,short,2021-07-19T13:49:00+00:00,entry,fixed_1r
missing_in_runtime,QQQ,short,2021-07-22T13:47:00+00:00,entry,fixed_1r
missing_in_runtime,QQQ,short,2021-07-22T14:06:00+00:00,entry,fixed_1r
missing_in_runtime,QQQ,short,2021-08-18T14:00:00+00:00,entry,fixed_1r
missing_in_runtime,QQQ,short,2021-08-24T14:14:00+00:00,entry,fixed_1r
missing_in_runtime,QQQ,short,2021-08-26T14:11:00+00:00,entry,fixed_1r
missing_in_runtime,QQQ,short,2023-11-14T15:07:00+00:00,entry,fixed_1r
missing_in_runtime,QQQ,short,2024-02-22T14:53:00+00:00,entry,fixed_1r
missing_in_runtime,QQQ,short,2024-02-22T14:54:00+00:00,entry,fixed_1r
missing_in_runtime,QQQ,short,2025-07-31T13:59:00+00:00,entry,fixed_1r
missing_in_runtime,QQQ,short,2021-06-03T14:15:00+00:00,entry,time_stop
missing_in_runtime,QQQ,short,2021-06-11T13:55:00+00:00,entry,time_stop
missing_in_runtime,QQQ,short,2021-06-22T14:11:00+00:00,entry,time_stop
missing_in_runtime,QQQ,short,2021-07-19T13:49:00+00:00,entry,time_stop
missing_in_runtime,QQQ,short,2021-08-18T14:00:00+00:00,entry,time_stop
missing_in_runtime,QQQ,short,2021-08-23T14:10:00+00:00,entry,time_stop
missing_in_runtime,QQQ,short,2021-08-24T14:14:00+00:00,entry,time_stop
missing_in_runtime,QQQ,short,2021-08-26T14:11:00+00:00,entry,time_stop
missing_in_runtime,QQQ,short,2021-08-23T14:10:00+00:00,entry,fixed_1r
missing_in_runtime,QQQ,short,2021-10-28T14:12:00+00:00,entry,fixed_1r
missing_in_runtime,QQQ,short,2022-01-26T15:07:00+00:00,entry,fixed_1r
missing_in_runtime,QQQ,short,2022-05-10T14:09:00+00:00,entry,fixed_1r
missing_in_runtime,QQQ,short,2022-05-10T14:10:00+00:00,entry,fixed_1r
missing_in_runtime,QQQ,short,2022-06-14T14:05:00+00:00,entry,fixed_1r
missing_in_runtime,QQQ,short,2023-03-21T14:04:00+00:00,entry,fixed_1r
missing_in_runtime,QQQ,short,2023-03-29T14:06:00+00:00,entry,fixed_1r
missing_in_runtime,QQQ,short,2021-08-26T14:11:00+00:00,entry,fixed_1r
missing_in_runtime,QQQ,short,2022-01-26T15:07:00+00:00,entry,fixed_1r
missing_in_runtime,QQQ,short,2022-02-10T15:00:00+00:00,entry,fixed_1r
missing_in_runtime,QQQ,short,2022-08-03T14:00:00+00:00,entry,fixed_1r
missing_in_runtime,QQQ,short,2022-11-08T14:59:00+00:00,entry,fixed_1r
missing_in_runtime,QQQ,short,2023-02-01T15:00:00+00:00,entry,fixed_1r
missing_in_runtime,QQQ,short,2023-02-15T14:52:00+00:00,entry,fixed_1r
missing_in_runtime,QQQ,short,2023-03-21T14:04:00+00:00,entry,fixed_1r
missing_in_runtime,QQQ,short,2021-07-19T13:49:00+00:00,entry,fixed_1r
missing_in_runtime,QQQ,short,2022-01-18T14:47:00+00:00,entry,fixed_1r
missing_in_runtime,QQQ,short,2024-08-05T14:06:00+00:00,entry,fixed_1r
missing_in_runtime,QQQ,short,2021-06-03T14:15:00+00:00,entry,fixed_1_5r
missing_in_runtime,QQQ,short,2021-06-11T13:55:00+00:00,entry,fixed_1_5r
missing_in_runtime,QQQ,short,2021-06-22T14:11:00+00:00,entry,fixed_1_5r
missing_in_runtime,QQQ,short,2021-07-19T13:49:00+00:00,entry,fixed_1_5r
missing_in_runtime,QQQ,short,2021-08-18T14:00:00+00:00,entry,fixed_1_5r
missing_in_runtime,QQQ,short,2021-08-23T14:10:00+00:00,entry,fixed_1_5r
missing_in_runtime,QQQ,short,2021-08-24T14:14:00+00:00,entry,fixed_1_5r
missing_in_runtime,QQQ,short,2021-08-26T14:11:00+00:00,entry,fixed_1_5r
missing_in_runtime,QQQ,short,2021-06-03T14:15:00+00:00,entry,fixed_2r
missing_in_runtime,QQQ,short,2021-06-11T13:55:00+00:00,entry,fixed_2r
missing_in_runtime,QQQ,short,2021-06-22T14:11:00+00:00,entry,fixed_2r
missing_in_runtime,QQQ,short,2021-07-19T13:49:00+00:00,entry,fixed_2r
missing_in_runtime,QQQ,short,2021-08-18T14:00:00+00:00,entry,fixed_2r
missing_in_runtime,QQQ,short,2021-08-23T14:10:00+00:00,entry,fixed_2r
missing_in_runtime,QQQ,short,2021-08-24T14:14:00+00:00,entry,fixed_2r
missing_in_runtime,QQQ,short,2021-08-26T14:11:00+00:00,entry,fixed_2r
missing_in_runtime,QQQ,short,2021-08-26T14:11:00+00:00,entry,fixed_1r
missing_in_runtime,QQQ,short,2021-06-03T14:15:00+00:00,entry,fixed_2r
missing_in_runtime,QQQ,short,2021-06-11T13:55:00+00:00,entry,fixed_2r
missing_in_runtime,QQQ,short,2021-06-22T14:11:00+00:00,entry,fixed_2r
missing_in_runtime,QQQ,short,2021-07-19T13:49:00+00:00,entry,fixed_2r
missing_in_runtime,QQQ,short,2021-08-18T14:00:00+00:00,entry,fixed_2r
missing_in_runtime,QQQ,short,2021-08-23T14:10:00+00:00,entry,fixed_2r
missing_in_runtime,QQQ,short,2021-08-24T14:14:00+00:00,entry,fixed_2r
missing_in_runtime,QQQ,short,2021-08-26T14:11:00+00:00,entry,fixed_2r
missing_in_runtime,QQQ,short,2021-06-11T13:55:00+00:00,entry,fixed_1r
missing_in_runtime,QQQ,short,2021-07-19T13:49:00+00:00,entry,fixed_1r
missing_in_runtime,QQQ,short,2021-08-18T14:00:00+00:00,entry,fixed_1r
missing_in_runtime,QQQ,short,2021-12-08T14:54:00+00:00,entry,fixed_1r
missing_in_runtime,QQQ,short,2021-12-17T14:55:00+00:00,entry,fixed_1r
missing_in_runtime,QQQ,short,2021-12-22T14:51:00+00:00,entry,fixed_1r
missing_in_runtime,QQQ,short,2022-01-18T14:47:00+00:00,entry,fixed_1r
missing_in_runtime,QQQ,short,2022-02-10T15:00:00+00:00,entry,fixed_1r
missing_in_runtime,QQQ,short,2022-11-10T14:37:00+00:00,entry,fixed_1r
missing_in_runtime,QQQ,short,2022-11-10T14:41:00+00:00,entry,fixed_1r
missing_in_runtime,QQQ,short,2022-11-10T15:14:00+00:00,entry,fixed_1r
missing_in_runtime,QQQ,short,2022-12-13T14:35:00+00:00,entry,fixed_1r
missing_in_runtime,QQQ,short,2022-12-13T14:59:00+00:00,entry,fixed_1r
missing_in_runtime,QQQ,short,2022-12-13T15:00:00+00:00,entry,fixed_1r
missing_in_runtime,QQQ,short,2022-12-13T15:01:00+00:00,entry,fixed_1r
missing_in_runtime,QQQ,short,2023-02-02T14:36:00+00:00,entry,fixed_1r
missing_in_runtime,QQQ,short,2021-06-21T14:13:00+00:00,entry,fixed_1r
missing_in_runtime,QQQ,short,2026-02-20T15:06:00+00:00,entry,fixed_1r
missing_in_runtime,QQQ,short,2021-11-29T14:45:00+00:00,entry,fixed_1r
missing_in_runtime,QQQ,short,2021-11-29T14:46:00+00:00,entry,fixed_1r
missing_in_runtime,QQQ,short,2021-12-07T15:05:00+00:00,entry,fixed_1r
missing_in_runtime,QQQ,short,2022-08-10T13:35:00+00:00,entry,fixed_1r
missing_in_runtime,QQQ,short,2022-08-10T13:53:00+00:00,entry,fixed_1r
missing_in_runtime,QQQ,short,2022-08-10T13:54:00+00:00,entry,fixed_1r
missing_in_runtime,QQQ,short,2022-11-10T14:37:00+00:00,entry,fixed_1r
missing_in_runtime,QQQ,short,2022-11-10T14:41:00+00:00,entry,fixed_1r
missing_in_runtime,QQQ,short,2022-03-21T13:45:00+00:00,entry,fixed_1r
missing_in_runtime,QQQ,short,2024-07-19T13:45:00+00:00,entry,fixed_1r
